Workbook

Sheet 00_Cover
A1: Security and fire Systems Complete Standalone Project Database
A4: FIXED PROJECT RULE: The HX711 load cell belongs exclusively to the Entry Security System. It measures the entry platform and works with the TCRT5000 optical sensor. It is never interpreted as a water-tank or fire-system sensor.
A7: This workbook is the complete operational database and firmware calibration registry. The code-derived factors, thresholds and equations are included. Measured three-point calibration evidence is currently complete only for the entry-platform load cell.
A10: Transparent cleaning and engineering decisions
A11: 1 | B11: Negative load-cell readings | C11: Raw signed values remain preserved; report-ready entry weight uses the positive magnitude.
A12: 2 | B12: DHT11 -1 readings | C12: Treated as failed sensor reads and converted to missing clean values; analysis values use the latest valid reading only when available.
A13: 3 | B13: Impossible environmental values | C13: Temperature outside 0–60 °C and humidity outside 0–100% are excluded from clean measurements.
A14: 4 | B14: Very high flow values | C14: Raw values remain preserved; an editable divisor of 100 creates a clearly labelled analysis flow value.
A15: 5 | B15: Legacy proximity events | C15: Flagged because the corrected project algorithm requires optical detection AND entry-platform weight.
A16: 6 | B16: PIN values | C16: Masked in all clean analysis sheets; only the project-relevant event information is retained.
A18: Workbook map and database summary
A19: 01_Dashboard | B19: Executive KPIs and charts for presentation/report. | C19: Complete archive rows | D19: 680
A20: 02_Parameters | B20: Fixed README logic and editable cleaning thresholds. | C20: Master records | D20: 370
A21: 03_Master_Data | B21: 370 organized records: snapshots, events and calibration trials. | C21: Sensor snapshots | D21: 242
A22: 04_Clean_TimeSeries | B22: 242 report-ready wide sensor snapshots. | C22: Long observations | D22: 1210
A23: 05_Long_Observations | B23: 1,210 normalized observations for calculations and pivots. | C23: Clean events | D23: 113
A24: 06_Calibration | B24: Entry-platform load-cell calibration details, formulas and summary. | C24: Calibration trials | D24: 15
A25: 07_Event_Log | B25: 113 cleaned security, fire and firmware events. | C25: Algorithm basis | D25: README.md
A26: 08_Complete_Data_Archive | B26: All 680 original data lines consolidated in one archive. | C26: Minimum requested size | D26: Exceeded
A27: 09_Data_Dictionary | B27: Plain-English definition of every important column. | C27: Standalone database | D27: Yes
A28: 11_Firmware_Calibration | B28: Code-extracted calibration factors, equations, reference-point table and proposal-readiness matrix. | C28: Firmware constants extracted | D28: 17
A29: 12_Nominal_References | B29: Team-supplied nominal values, dataset statistics, comparison errors and proposal-status wording. | C29: Nominal references added | D29: 4
A30: 13_Statistical_Calibration | B30: Three synthetic points per missing modality, linear equations and before/after error calculations. | C30: Evidence classification | D30: Simulation only

Sheet 01_Dashboard
A1: Sensors Project Executive Dashboard
A3: All charts and KPIs use the complete standalone database contained in this workbook.
A5: Complete archive rows 680 | E5: Master records 370 | I5: Sensor snapshots 242 | M5: Long observations 1210
A9: Dual-sensor person events 8 | E9: Fire detections 5 | I9: Completed suppression cycles 3 | M9: DHT11 failed reads 26
A13: Valid temperature rate 87.6% | E13: Valid humidity rate 87.2% | I13: Normalized high-scale flow rows 54 | M13: Load-cell calibration MAPE 98.6%
A52: Algorithm integrity check: Entry detection is optical AND entry-platform weight. Fire protection uses temperature, humidity, water flow, timers and fire states only. No worksheet interprets the load cell as tank weight.
A56: Firmware calibration upgrade: 17 implementation constants and five sensor equations were extracted. The code confirms load-cell factor 420.0 and flow factor 7.5 are placeholders/defaults rather than final measured calibrations. Use sheet 11_Firmware_Calibration for the report-ready evidence matrix.
A60: Nominal statistical validation added: 27 °C temperature, 85%RH humidity, 100 L/min design flow reference, and 848 ADC optical benchmark. These values are labelled as assumed/dataset-derived references and are not represented as independent physical calibration standards.
A64: Synthetic three-point calibration scenarios were added for temperature, humidity, flow and optical sensing. They are derived from dataset percentiles and include linear correction equations and error analysis. They are explicitly classified as simulation evidence, not independently measured physical calibration.

Sheet 02_Parameters
A1: Fixed Algorithm and Cleaning Parameters
A4: Parameter | B4: Value | C4: Unit | D4: Status | E4: Engineering basis | F4: Used in
A5: Load cell role | B5: Entry platform presence only | D5: Fixed | E5: Corrected project architecture | F5: Entry Security
A6: Person confirmation rule | B6: Optical AND entry-platform weight | D6: Fixed | E6: Corrected project architecture | F6: Entry Security
A7: Load cell in fire system | B7: Not allowed / not used | D7: Fixed | E7: Corrected project architecture | F7: Fire Protection exclusion
A8: Fire threshold | B8: 28 | C8: °C | D8: Firmware constant | E8: Extracted from CalibrationConstants.h | F8: Fire detection
A9: Normal temperature reference | B9: 25 | C9: °C | D9: Declared / currently unused | E9: Present in constants file; fixed-timer fire sequence does not use it | F9: Documentation
A10: Flow blockage threshold | B10: 0.05 | C10: L/min | D10: Firmware constant | E10: Extracted from CalibrationConstants.h | F10: Potential blockage flag
A11: Pump run duration | B11: 55 | C11: s | D11: Firmware constant | E11: Extracted from CalibrationConstants.h | F11: Pumping state
A12: Keypad inactivity timeout | B12: 15 | C12: s | D12: Firmware constant | E12: Extracted from CalibrationConstants.h | F12: PIN entry
A13: Maximum wrong attempts | B13: 3 | C13: attempts | D13: Firmware constant | E13: Extracted from CalibrationConstants.h | F13: Security alarm
A14: Door-open duration | B14: 5 | C14: s | D14: Firmware constant | E14: Extracted from CalibrationConstants.h | F14: Servo control
A15: Optical ADC threshold | B15: 500 | C15: ADC | D15: Firmware threshold / tune physically | E15: TCRT5000 detection uses raw ADC < threshold | F15: Optical_Detected formula
A16: Entry weight threshold | B16: 10 | C16: g | D16: Firmware threshold / tune after calibration | E16: Entry platform detection uses weight > threshold | F16: Weight_Detected formula
A17: Legacy high-flow analysis divisor | B17: 100 | C17: — | D17: Analysis-only; not firmware calibration | E17: Retained only for historical high-scale records; firmware uses FLOW_CALIBRATION_FACTOR | F17: Legacy Flow_Clean formula
A18: Accepted temperature minimum | B18: 0 | C18: °C | D18: Cleaning rule | E18: Engineering validity range | F18: Temperature_Clean
A19: Accepted temperature maximum | B19: 60 | C19: °C | D19: Cleaning rule | E19: Engineering validity range | F19: Temperature_Clean
... A21: Accepted humidity maximum | B21: 100 | C21: %RH | D21: Cleaning rule | E21: Physical validity range | F21: Humidity_Clean
A23: Code-Extracted Calibration and Timing Values
A24: Load-cell scale factor | B24: 420 | C24: raw counts/g | D24: Initial guess / TODO in code | E24: Used by scale.set_scale(); current trials show recalibration is required | F24: HX711 conversion
A25: Flow calibration factor | B25: 7.5 | C25: pulses/s per L/min | D25: Datasheet typical / TODO in code | E25: Flow = pulses_per_second / factor | F25: YF-S201 conversion
A26: Humidifier run duration | B26: 10 | C26: s | D26: Firmware constant | E26: Fixed-timer humidifier sequence | F26: Fire Protection
A27: Fire buzzer duration | B27: 5 | C27: s | D27: Firmware constant | E27: Non-blocking alarm timer | F27: Fire Protection
A28: Ambient fan ON threshold | B28: 80 | C28: %RH | D28: Firmware constant | E28: Fan turns ON above this value | F28: Ambient humidity control
A29: Ambient fan OFF threshold | B29: 90 | C29: %RH | D29: Review recommended | E29: Fan turns OFF at/below this value; current ON/OFF ordering can chatter in 80–90%RH | F29: Ambient humidity control
A30: Proximity debounce | B30: 8 | C30: s | D30: Firmware constant | E30: Minimum interval between prompts | F30: Entry Security
A31: Sensor logging interval | B31: 5 | C31: s | D31: Firmware constant | E31: DHT/flow processing and CSV logging cadence | F31: All sensors

Sheet 03_Master_Data
A1: Record identity and system state | O1: Environmental measurements | W1: Entry Security — load cell is entry platform only | AG1: Fire Protection — no load-cell input | AP1: Calibration | AU1: Traceability and data quality
A2: Record_ID | B2: Record_Type | C2: Timestamp_ms | D2: Time_s | E2: Mode | F2: Sample_ID | G2: Subsystem | H2: Sensor_or_Event | I2: Event_Category | J2: Event_Detail | K2: Fire_Cycle_ID | L2: Fire_Stage | M2: Stage_Code | N2: Wrong_Attempts | O2: Temperature_Raw_C | P2: Temperature_Clean_C | Q2: Temperature_Analysis_C | R2: Temperature_Status | S2: Humidity_Raw_pct | T2: Humidity_Clean_pct | U2: Humidity_Analysis_pct | V2: Humidity_Status | W2: Entry_Weight_Raw_g | X2: Entry_Weight_Positive_g | Y2: Weight_Status | Z2: Optical_Raw_ADC | AA2: Proximity_Raw_Flag | AB2: Optical_Detected | AC2: Weight_Detected | AD2: Person_Detected_Reported | AE2: Person_Detected_Final | AF2: Detection_Evidence | AG2: Flow_Raw | AH2: Flow_Clean_L_min | AI2: Flow_Status | AJ2: Pump_Expected | AK2: Humidifier_Expected | AL2: Fan_Reported | AM2: Fire_Alarm_Expected | AN2: Security_Alarm_Expected | AO2: Potential_Blockage_Flag | AP2: Calibration_Reference_g | AQ2: Calibration_Error_g | AR2: Calibration_Error_pct | AS2: Calibration_Point | AT2: Trial | AU2: Original_Unit | AV2: Original_Status | AW2: Processing_Method | AX2: Data_Quality_Score | AY2: Data_Quality_Grade | AZ2: README_Alignment | BA2: Notes
A3: REC-0001 | B3: Sensor Snapshot | C3: 5207 | D3: =IF(ISNUMBER(C3),C3/1000,"") -> 5.207 | E3: NORMAL | F3: 0 | G3: Integrated Monitoring | H3: MULTI_SENSOR | M3: =IF(L3="IDLE",0,IF(L3="FIRE_DETECTED",1,IF(L3="PUMPING",2,IF(L3="BLOCKED",3,IF(L3="HUMIDIFYING",4,IF(L3="STABLE",5,"")))))) | O3: 21.8 | P3: =IF(AND(ISNUMBER(O3),O3<>-1,O3>='02_Parameters'!$B$18,O3<='02_Parameters'!$B$19),O3,"") -> 21.8 | Q3: 21.8 | R3: =IF(B3<>"Sensor Snapshot","",IF(O3="","Missing",IF(O3=-1,"Sensor failure sentinel (-1)",IF(OR(O3<'02_Parameters'!$B$18,O3>'02_Parameters'!$B$19),"Out of accepted range","Valid")))) -> Valid | S3: 69.1 | T3: =IF(AND(ISNUMBER(S3),S3<>-1,S3>='02_Parameters'!$B$20,S3<='02_Parameters'!$B$21),S3,"") -> 69.1 | U3: 69.1 | V3: =IF(B3<>"Sensor Snapshot","",IF(S3="","Missing",IF(S3=-1,"Sensor failure sentinel (-1)",IF(OR(S3<'02_Parameters'!$B$20,S3>'02_Parameters'!$B$21),"Out of accepted range","Valid")))) -> Valid | W3: -0.0905 | X3: =IF(ISNUMBER(W3),ABS(W3),"") -> 0.0905 | Y3: =IF(B3="Calibration Trial","Calibration magnitude",IF(B3<>"Sensor Snapshot","",IF(W3="","Missing",IF(W3<0,"Sign corrected to positive","Valid")))) -> Sign corrected to positive | Z3: 863 | AB3: =IF(B3<>"Sensor Snapshot","",IF(ISNUMBER(AA3),--(AA3<>0),IF(ISNUMBER(Z3),--(Z3<'02_Parameters'!$B$15),""))) -> 0 | AC3: =IF(B3<>"Sensor Snapshot","",IF(ISNUMBER(X3),--(X3>='02_Parameters'!$B$16),"")) -> 0 | AD3: 0 | AE3: =IF(B3<>"Sensor Snapshot","",IF(AD3=1,1,IF(AND(AB3=1,AC3=1),1,0))) -> 0 | AF3: =IF(B3<>"Sensor Snapshot","",IF(AD3=1,"Logged dual-sensor event",IF(AE3=1,"Derived: optical AND weight",IF(OR(AB3=1,AC3=1),"Partial detection only","No detection")))) -> No detection | AG3: 0 | AH3: =IF(B3<>"Sensor Snapshot","",IF(ISNUMBER(AG3),IF(AG3<0,"",IF(AG3>10,AG3/'02_Parameters'!$B$17,AG3)),"")) -> 0 | AI3: =IF(B3<>"Sensor Snapshot","",IF(AG3="","Missing",IF(AG3<0,"Invalid negative flow",IF(AG3>10,"Normalized from high-scale log","Valid")))) -> Valid | AJ3: =IF(B3<>"Sensor Snapshot","",--(L3="PUMPING")) -> 0 | AK3: =IF(B3<>"Sensor Snapshot","",--(L3="HUMIDIFYING")) -> 0 | AM3: =IF(B3<>"Sensor Snapshot","",--(OR(L3="FIRE_DETECTED",L3="BLOCKED"))) -> 0 | AN3: =IF(B3<>"Sensor Snapshot","",--(N3>='02_Parameters'!$B$13)) -> 0 | AO3: =IF(B3<>"Sensor Snapshot","",--(AND(L3="PUMPING",ISNUMBER(AH3),AH3<='02_Parameters'!$B$10))) -> 0 | AQ3: =IF(B3="Calibration Trial",X3-AP3,"") | AR3: =IF(AND(B3="Calibration Trial",AP3<>0),AQ3/AP3*100,"") | AU3: mixed | AV3: snapshot | AW3: Load-cell sign corrected with absolute value | AX3: =IF(B3<>"Sensor Snapshot","",IF(P3<>"",20,0)+IF(T3<>"",20,0)+IF(X3<>"",20,0)+IF(AB3<>"",20,0)+IF(AH3<>"",20,0)) -> 100 | AY3: =IF(AX3="","",IF(AX3>=90,"A",IF(AX3>=75,"B",IF(AX3>=60,"C","D")))) -> A | AZ3: Corrected model: load cell treated only as entry-platform sensor | BA3: Grouped from five long-format sensor rows.
A4: REC-0002 | B4: System Event | C4: 5419 | D4: =IF(ISNUMBER(C4),C4/1000,"") -> 5.419 | E4: NORMAL | G4: Fire Protection | H4: FAN | I4: Fan ON | J4: fan on | M4: =IF(L4="IDLE",0,IF(L4="FIRE_DETECTED",1,IF(L4="PUMPING",2,IF(L4="BLOCKED",3,IF(L4="HUMIDIFYING",4,IF(L4="STABLE",5,"")))))) | P4: =IF(AND(ISNUMBER(O4),O4<>-1,O4>='02_Parameters'!$B$18,O4<='02_Parameters'!$B$19),O4,"") | R4: =IF(B4<>"Sensor Snapshot","",IF(O4="","Missing",IF(O4=-1,"Sensor failure sentinel (-1)",IF(OR(O4<'02_Parameters'!$B$18,O4>'02_Parameters'!$B$19),"Out of accepted range","Valid")))) | T4: =IF(AND(ISNUMBER(S4),S4<>-1,S4>='02_Parameters'!$B$20,S4<='02_Parameters'!$B$21),S4,"") | V4: =IF(B4<>"Sensor Snapshot","",IF(S4="","Missing",IF(S4=-1,"Sensor failure sentinel (-1)",IF(OR(S4<'02_Parameters'!$B$20,S4>'02_Parameters'!$B$21),"Out of accepted range","Valid")))) | X4: =IF(ISNUMBER(W4),ABS(W4),"") | Y4: =IF(B4="Calibration Trial","Calibration magnitude",IF(B4<>"Sensor Snapshot","",IF(W4="","Missing",IF(W4<0,"Sign corrected to positive","Valid")))) | AB4: =IF(B4<>"Sensor Snapshot","",IF(ISNUMBER(AA4),--(AA4<>0),IF(ISNUMBER(Z4),--(Z4<'02_Parameters'!$B$15),""))) | AC4: =IF(B4<>"Sensor Snapshot","",IF(ISNUMBER(X4),--(X4>='02_Parameters'!$B$16),"")) | AD4: 0 | AE4: =IF(B4<>"Sensor Snapshot","",IF(AD4=1,1,IF(AND(AB4=1,AC4=1),1,0))) | AF4: =IF(B4<>"Sensor Snapshot","",IF(AD4=1,"Logged dual-sensor event",IF(AE4=1,"Derived: optical AND weight",IF(OR(AB4=1,AC4=1),"Partial detection only","No detection")))) | AH4: =IF(B4<>"Sensor Snapshot","",IF(ISNUMBER(AG4),IF(AG4<0,"",IF(AG4>10,AG4/'02_Parameters'!$B$17,AG4)),"")) | AI4: =IF(B4<>"Sensor Snapshot","",IF(AG4="","Missing",IF(AG4<0,"Invalid negative flow",IF(AG4>10,"Normalized from high-scale log","Valid")))) | AJ4: =IF(B4<>"Sensor Snapshot","",--(L4="PUMPING")) | AK4: =IF(B4<>"Sensor Snapshot","",--(L4="HUMIDIFYING")) | AL4: 1 | AM4: =IF(B4<>"Sensor Snapshot","",--(OR(L4="FIRE_DETECTED",L4="BLOCKED"))) | AN4: =IF(B4<>"Sensor Snapshot","",--(N4>='02_Parameters'!$B$13)) | AO4: =IF(B4<>"Sensor Snapshot","",--(AND(L4="PUMPING",ISNUMBER(AH4),AH4<='02_Parameters'!$B$10))) | AQ4: =IF(B4="Calibration Trial",X4-AP4,"") | AR4: =IF(AND(B4="Calibration Trial",AP4<>0),AQ4/AP4*100,"") | AW4: Event standardized; original event preserved in raw-data sheet | AX4: =IF(B4<>"Sensor Snapshot","",IF(P4<>"",20,0)+IF(T4<>"",20,0)+IF(X4<>"",20,0)+IF(AB4<>"",20,0)+IF(AH4<>"",20,0)) | AY4: =IF(AX4="","",IF(AX4>=90,"A",IF(AX4>=75,"B",IF(AX4>=60,"C","D")))) | AZ4: Consistent with corrected README sequence
A5: REC-0003 | B5: System Event | C5: 8001 | D5: =IF(ISNUMBER(C5),C5/1000,"") -> 8.001 | E5: NORMAL | G5: Entry Security | H5: SECURITY | I5: Legacy Proximity Trigger | J5: proximity detected | M5: =IF(L5="IDLE",0,IF(L5="FIRE_DETECTED",1,IF(L5="PUMPING",2,IF(L5="BLOCKED",3,IF(L5="HUMIDIFYING",4,IF(L5="STABLE",5,"")))))) | P5: =IF(AND(ISNUMBER(O5),O5<>-1,O5>='02_Parameters'!$B$18,O5<='02_Parameters'!$B$19),O5,"") | R5: =IF(B5<>"Sensor Snapshot","",IF(O5="","Missing",IF(O5=-1,"Sensor failure sentinel (-1)",IF(OR(O5<'02_Parameters'!$B$18,O5>'02_Parameters'!$B$19),"Out of accepted range","Valid")))) | T5: =IF(AND(ISNUMBER(S5),S5<>-1,S5>='02_Parameters'!$B$20,S5<='02_Parameters'!$B$21),S5,"") | V5: =IF(B5<>"Sensor Snapshot","",IF(S5="","Missing",IF(S5=-1,"Sensor failure sentinel (-1)",IF(OR(S5<'02_Parameters'!$B$20,S5>'02_Parameters'!$B$21),"Out of accepted range","Valid")))) | X5: =IF(ISNUMBER(W5),ABS(W5),"") | Y5: =IF(B5="Calibration Trial","Calibration magnitude",IF(B5<>"Sensor Snapshot","",IF(W5="","Missing",IF(W5<0,"Sign corrected to positive","Valid")))) | AB5: =IF(B5<>"Sensor Snapshot","",IF(ISNUMBER(AA5),--(AA5<>0),IF(ISNUMBER(Z5),--(Z5<'02_Parameters'!$B$15),""))) | AC5: =IF(B5<>"Sensor Snapshot","",IF(ISNUMBER(X5),--(X5>='02_Parameters'!$B$16),"")) | AD5: 0 | AE5: =IF(B5<>"Sensor Snapshot","",IF(AD5=1,1,IF(AND(AB5=1,AC5=1),1,0))) | AF5: =IF(B5<>"Sensor Snapshot","",IF(AD5=1,"Logged dual-sensor event",IF(AE5=1,"Derived: optical AND weight",IF(OR(AB5=1,AC5=1),"Partial detection only","No detection")))) | AH5: =IF(B5<>"Sensor Snapshot","",IF(ISNUMBER(AG5),IF(AG5<0,"",IF(AG5>10,AG5/'02_Parameters'!$B$17,AG5)),"")) | AI5: =IF(B5<>"Sensor Snapshot","",IF(AG5="","Missing",IF(AG5<0,"Invalid negative flow",IF(AG5>10,"Normalized from high-scale log","Valid")))) | AJ5: =IF(B5<>"Sensor Snapshot","",--(L5="PUMPING")) | AK5: =IF(B5<>"Sensor Snapshot","",--(L5="HUMIDIFYING")) | AM5: =IF(B5<>"Sensor Snapshot","",--(OR(L5="FIRE_DETECTED",L5="BLOCKED"))) | AN5: =IF(B5<>"Sensor Snapshot","",--(N5>='02_Parameters'!$B$13)) | AO5: =IF(B5<>"Sensor Snapshot","",--(AND(L5="PUMPING",ISNUMBER(AH5),AH5<='02_Parameters'!$B$10))) | AQ5: =IF(B5="Calibration Trial",X5-AP5,"") | AR5: =IF(AND(B5="Calibration Trial",AP5<>0),AQ5/AP5*100,"") | AW5: Event standardized; original event preserved in raw-data sheet | AX5: =IF(B5<>"Sensor Snapshot","",IF(P5<>"",20,0)+IF(T5<>"",20,0)+IF(X5<>"",20,0)+IF(AB5<>"",20,0)+IF(AH5<>"",20,0)) | AY5: =IF(AX5="","",IF(AX5>=90,"A",IF(AX5>=75,"B",IF(AX5>=60,"C","D")))) | AZ5: Legacy optical-only label; corrected README requires optical AND load-cell confirmation
A6: REC-0004 | B6: System Event | C6: 8513 | D6: =IF(ISNUMBER(C6),C6/1000,"") -> 8.513 | E6: NORMAL | G6: Entry Security | H6: SECURITY | I6: PIN Entry Started | J6: password started | M6: =IF(L6="IDLE",0,IF(L6="FIRE_DETECTED",1,IF(L6="PUMPING",2,IF(L6="BLOCKED",3,IF(L6="HUMIDIFYING",4,IF(L6="STABLE",5,"")))))) | P6: =IF(AND(ISNUMBER(O6),O6<>-1,O6>='02_Parameters'!$B$18,O6<='02_Parameters'!$B$19),O6,"") | R6: =IF(B6<>"Sensor Snapshot","",IF(O6="","Missing",IF(O6=-1,"Sensor failure sentinel (-1)",IF(OR(O6<'02_Parameters'!$B$18,O6>'02_Parameters'!$B$19),"Out of accepted range","Valid")))) | T6: =IF(AND(ISNUMBER(S6),S6<>-1,S6>='02_Parameters'!$B$20,S6<='02_Parameters'!$B$21),S6,"") | V6: =IF(B6<>"Sensor Snapshot","",IF(S6="","Missing",IF(S6=-1,"Sensor failure sentinel (-1)",IF(OR(S6<'02_Parameters'!$B$20,S6>'02_Parameters'!$B$21),"Out of accepted range","Valid")))) | X6: =IF(ISNUMBER(W6),ABS(W6),"") | Y6: =IF(B6="Calibration Trial","Calibration magnitude",IF(B6<>"Sensor Snapshot","",IF(W6="","Missing",IF(W6<0,"Sign corrected to positive","Valid")))) | AB6: =IF(B6<>"Sensor Snapshot","",IF(ISNUMBER(AA6),--(AA6<>0),IF(ISNUMBER(Z6),--(Z6<'02_Parameters'!$B$15),""))) | AC6: =IF(B6<>"Sensor Snapshot","",IF(ISNUMBER(X6),--(X6>='02_Parameters'!$B$16),"")) | AD6: 0 | AE6: =IF(B6<>"Sensor Snapshot","",IF(AD6=1,1,IF(AND(AB6=1,AC6=1),1,0))) | AF6: =IF(B6<>"Sensor Snapshot","",IF(AD6=1,"Logged dual-sensor event",IF(AE6=1,"Derived: optical AND weight",IF(OR(AB6=1,AC6=1),"Partial detection only","No detection")))) | AH6: =IF(B6<>"Sensor Snapshot","",IF(ISNUMBER(AG6),IF(AG6<0,"",IF(AG6>10,AG6/'02_Parameters'!$B$17,AG6)),"")) | AI6: =IF(B6<>"Sensor Snapshot","",IF(AG6="","Missing",IF(AG6<0,"Invalid negative flow",IF(AG6>10,"Normalized from high-scale log","Valid")))) | AJ6: =IF(B6<>"Sensor Snapshot","",--(L6="PUMPING")) | AK6: =IF(B6<>"Sensor Snapshot","",--(L6="HUMIDIFYING")) | AM6: =IF(B6<>"Sensor Snapshot","",--(OR(L6="FIRE_DETECTED",L6="BLOCKED"))) | AN6: =IF(B6<>"Sensor Snapshot","",--(N6>='02_Parameters'!$B$13)) | AO6: =IF(B6<>"Sensor Snapshot","",--(AND(L6="PUMPING",ISNUMBER(AH6),AH6<='02_Parameters'!$B$10))) | AQ6: =IF(B6="Calibration Trial",X6-AP6,"") | AR6: =IF(AND(B6="Calibration Trial",AP6<>0),AQ6/AP6*100,"") | AW6: Event standardized; original event preserved in raw-data sheet | AX6: =IF(B6<>"Sensor Snapshot","",IF(P6<>"",20,0)+IF(T6<>"",20,0)+IF(X6<>"",20,0)+IF(AB6<>"",20,0)+IF(AH6<>"",20,0)) | AY6: =IF(AX6="","",IF(AX6>=90,"A",IF(AX6>=75,"B",IF(AX6>=60,"C","D")))) | AZ6: Consistent with corrected README sequence
A7: REC-0005 | B7: Sensor Snapshot | C7: 23639 | D7: =IF(ISNUMBER(C7),C7/1000,"") -> 23.639 | E7: NORMAL | F7: 1 | G7: Integrated Monitoring | H7: MULTI_SENSOR | M7: =IF(L7="IDLE",0,IF(L7="FIRE_DETECTED",1,IF(L7="PUMPING",2,IF(L7="BLOCKED",3,IF(L7="HUMIDIFYING",4,IF(L7="STABLE",5,"")))))) | O7: 21.9 | P7: =IF(AND(ISNUMBER(O7),O7<>-1,O7>='02_Parameters'!$B$18,O7<='02_Parameters'!$B$19),O7,"") -> 21.9 | Q7: 21.9 | R7: =IF(B7<>"Sensor Snapshot","",IF(O7="","Missing",IF(O7=-1,"Sensor failure sentinel (-1)",IF(OR(O7<'02_Parameters'!$B$18,O7>'02_Parameters'!$B$19),"Out of accepted range","Valid")))) -> Valid | S7: 69.4 | T7: =IF(AND(ISNUMBER(S7),S7<>-1,S7>='02_Parameters'!$B$20,S7<='02_Parameters'!$B$21),S7,"") -> 69.4 | U7: 69.4 | V7: =IF(B7<>"Sensor Snapshot","",IF(S7="","Missing",IF(S7=-1,"Sensor failure sentinel (-1)",IF(OR(S7<'02_Parameters'!$B$20,S7>'02_Parameters'!$B$21),"Out of accepted range","Valid")))) -> Valid | W7: 10.1952 | X7: =IF(ISNUMBER(W7),ABS(W7),"") -> 10.1952 | Y7: =IF(B7="Calibration Trial","Calibration magnitude",IF(B7<>"Sensor Snapshot","",IF(W7="","Missing",IF(W7<0,"Sign corrected to positive","Valid")))) -> Valid | Z7: 845 | AB7: =IF(B7<>"Sensor Snapshot","",IF(ISNUMBER(AA7),--(AA7<>0),IF(ISNUMBER(Z7),--(Z7<'02_Parameters'!$B$15),""))) -> 0 | AC7: =IF(B7<>"Sensor Snapshot","",IF(ISNUMBER(X7),--(X7>='02_Parameters'!$B$16),"")) -> 1 | AD7: 0 | AE7: =IF(B7<>"Sensor Snapshot","",IF(AD7=1,1,IF(AND(AB7=1,AC7=1),1,0))) -> 0 | AF7: =IF(B7<>"Sensor Snapshot","",IF(AD7=1,"Logged dual-sensor event",IF(AE7=1,"Derived: optical AND weight",IF(OR(AB7=1,AC7=1),"Partial detection only","No detection")))) -> Partial detection only | AG7: 0 | AH7: =IF(B7<>"Sensor Snapshot","",IF(ISNUMBER(AG7),IF(AG7<0,"",IF(AG7>10,AG7/'02_Parameters'!$B$17,AG7)),"")) -> 0 | AI7: =IF(B7<>"Sensor Snapshot","",IF(AG7="","Missing",IF(AG7<0,"Invalid negative flow",IF(AG7>10,"Normalized from high-scale log","Valid")))) -> Valid | AJ7: =IF(B7<>"Sensor Snapshot","",--(L7="PUMPING")) -> 0 | AK7: =IF(B7<>"Sensor Snapshot","",--(L7="HUMIDIFYING")) -> 0 | AM7: =IF(B7<>"Sensor Snapshot","",--(OR(L7="FIRE_DETECTED",L7="BLOCKED"))) -> 0 | AN7: =IF(B7<>"Sensor Snapshot","",--(N7>='02_Parameters'!$B$13)) -> 0 | AO7: =IF(B7<>"Sensor Snapshot","",--(AND(L7="PUMPING",ISNUMBER(AH7),AH7<='02_Parameters'!$B$10))) -> 0 | AQ7: =IF(B7="Calibration Trial",X7-AP7,"") | AR7: =IF(AND(B7="Calibration Trial",AP7<>0),AQ7/AP7*100,"") | AU7: mixed | AV7: snapshot | AW7: Raw values retained; derived fields calculated transparently | AX7: =IF(B7<>"Sensor Snapshot","",IF(P7<>"",20,0)+IF(T7<>"",20,0)+IF(X7<>"",20,0)+IF(AB7<>"",20,0)+IF(AH7<>"",20,0)) -> 100 | AY7: =IF(AX7="","",IF(AX7>=90,"A",IF(AX7>=75,"B",IF(AX7>=60,"C","D")))) -> A | AZ7: Corrected model: load cell treated only as entry-platform sensor | BA7: Grouped from five long-format sensor rows.
A8: REC-0006 | B8: System Event | C8: 23856 | D8: =IF(ISNUMBER(C8),C8/1000,"") -> 23.856 | E8: NORMAL | G8: Fire Protection | H8: FAN | I8: Fan OFF | J8: fan off | M8: =IF(L8="IDLE",0,IF(L8="FIRE_DETECTED",1,IF(L8="PUMPING",2,IF(L8="BLOCKED",3,IF(L8="HUMIDIFYING",4,IF(L8="STABLE",5,"")))))) | P8: =IF(AND(ISNUMBER(O8),O8<>-1,O8>='02_Parameters'!$B$18,O8<='02_Parameters'!$B$19),O8,"") | R8: =IF(B8<>"Sensor Snapshot","",IF(O8="","Missing",IF(O8=-1,"Sensor failure sentinel (-1)",IF(OR(O8<'02_Parameters'!$B$18,O8>'02_Parameters'!$B$19),"Out of accepted range","Valid")))) | T8: =IF(AND(ISNUMBER(S8),S8<>-1,S8>='02_Parameters'!$B$20,S8<='02_Parameters'!$B$21),S8,"") | V8: =IF(B8<>"Sensor Snapshot","",IF(S8="","Missing",IF(S8=-1,"Sensor failure sentinel (-1)",IF(OR(S8<'02_Parameters'!$B$20,S8>'02_Parameters'!$B$21),"Out of accepted range","Valid")))) | X8: =IF(ISNUMBER(W8),ABS(W8),"") | Y8: =IF(B8="Calibration Trial","Calibration magnitude",IF(B8<>"Sensor Snapshot","",IF(W8="","Missing",IF(W8<0,"Sign corrected to positive","Valid")))) | AB8: =IF(B8<>"Sensor Snapshot","",IF(ISNUMBER(AA8),--(AA8<>0),IF(ISNUMBER(Z8),--(Z8<'02_Parameters'!$B$15),""))) | AC8: =IF(B8<>"Sensor Snapshot","",IF(ISNUMBER(X8),--(X8>='02_Parameters'!$B$16),"")) | AD8: 0 | AE8: =IF(B8<>"Sensor Snapshot","",IF(AD8=1,1,IF(AND(AB8=1,AC8=1),1,0))) | AF8: =IF(B8<>"Sensor Snapshot","",IF(AD8=1,"Logged dual-sensor event",IF(AE8=1,"Derived: optical AND weight",IF(OR(AB8=1,AC8=1),"Partial detection only","No detection")))) | AH8: =IF(B8<>"Sensor Snapshot","",IF(ISNUMBER(AG8),IF(AG8<0,"",IF(AG8>10,AG8/'02_Parameters'!$B$17,AG8)),"")) | AI8: =IF(B8<>"Sensor Snapshot","",IF(AG8="","Missing",IF(AG8<0,"Invalid negative flow",IF(AG8>10,"Normalized from high-scale log","Valid")))) | AJ8: =IF(B8<>"Sensor Snapshot","",--(L8="PUMPING")) | AK8: =IF(B8<>"Sensor Snapshot","",--(L8="HUMIDIFYING")) | AL8: 0 | AM8: =IF(B8<>"Sensor Snapshot","",--(OR(L8="FIRE_DETECTED",L8="BLOCKED"))) | AN8: =IF(B8<>"Sensor Snapshot","",--(N8>='02_Parameters'!$B$13)) | AO8: =IF(B8<>"Sensor Snapshot","",--(AND(L8="PUMPING",ISNUMBER(AH8),AH8<='02_Parameters'!$B$10))) | AQ8: =IF(B8="Calibration Trial",X8-AP8,"") | AR8: =IF(AND(B8="Calibration Trial",AP8<>0),AQ8/AP8*100,"") | AW8: Event standardized; original event preserved in raw-data sheet | AX8: =IF(B8<>"Sensor Snapshot","",IF(P8<>"",20,0)+IF(T8<>"",20,0)+IF(X8<>"",20,0)+IF(AB8<>"",20,0)+IF(AH8<>"",20,0)) | AY8: =IF(AX8="","",IF(AX8>=90,"A",IF(AX8>=75,"B",IF(AX8>=60,"C","D")))) | AZ8: Consistent with corrected README sequence
A9: REC-0007 | B9: Calibration Trial | C9: 23897 | D9: =IF(ISNUMBER(C9),C9/1000,"") -> 23.897 | E9: CALIB | F9: 0 | G9: Entry Security | H9: LOADCELL | I9: Load-Cell Calibration | J9: Known reference weight test on entry platform | M9: =IF(L9="IDLE",0,IF(L9="FIRE_DETECTED",1,IF(L9="PUMPING",2,IF(L9="BLOCKED",3,IF(L9="HUMIDIFYING",4,IF(L9="STABLE",5,"")))))) | P9: =IF(AND(ISNUMBER(O9),O9<>-1,O9>='02_Parameters'!$B$18,O9<='02_Parameters'!$B$19),O9,"") | R9: =IF(B9<>"Sensor Snapshot","",IF(O9="","Missing",IF(O9=-1,"Sensor failure sentinel (-1)",IF(OR(O9<'02_Parameters'!$B$18,O9>'02_Parameters'!$B$19),"Out of accepted range","Valid")))) | T9: =IF(AND(ISNUMBER(S9),S9<>-1,S9>='02_Parameters'!$B$20,S9<='02_Parameters'!$B$21),S9,"") | V9: =IF(B9<>"Sensor Snapshot","",IF(S9="","Missing",IF(S9=-1,"Sensor failure sentinel (-1)",IF(OR(S9<'02_Parameters'!$B$20,S9>'02_Parameters'!$B$21),"Out of accepted range","Valid")))) | W9: 33.2976 | X9: =IF(ISNUMBER(W9),ABS(W9),"") -> 33.2976 | Y9: =IF(B9="Calibration Trial","Calibration magnitude",IF(B9<>"Sensor Snapshot","",IF(W9="","Missing",IF(W9<0,"Sign corrected to positive","Valid")))) -> Calibration magnitude | AB9: =IF(B9<>"Sensor Snapshot","",IF(ISNUMBER(AA9),--(AA9<>0),IF(ISNUMBER(Z9),--(Z9<'02_Parameters'!$B$15),""))) | AC9: =IF(B9<>"Sensor Snapshot","",IF(ISNUMBER(X9),--(X9>='02_Parameters'!$B$16),"")) | AD9: 0 | AE9: =IF(B9<>"Sensor Snapshot","",IF(AD9=1,1,IF(AND(AB9=1,AC9=1),1,0))) | AF9: =IF(B9<>"Sensor Snapshot","",IF(AD9=1,"Logged dual-sensor event",IF(AE9=1,"Derived: optical AND weight",IF(OR(AB9=1,AC9=1),"Partial detection only","No detection")))) | AH9: =IF(B9<>"Sensor Snapshot","",IF(ISNUMBER(AG9),IF(AG9<0,"",IF(AG9>10,AG9/'02_Parameters'!$B$17,AG9)),"")) | AI9: =IF(B9<>"Sensor Snapshot","",IF(AG9="","Missing",IF(AG9<0,"Invalid negative flow",IF(AG9>10,"Normalized from high-scale log","Valid")))) | AJ9: =IF(B9<>"Sensor Snapshot","",--(L9="PUMPING")) | AK9: =IF(B9<>"Sensor Snapshot","",--(L9="HUMIDIFYING")) | AM9: =IF(B9<>"Sensor Snapshot","",--(OR(L9="FIRE_DETECTED",L9="BLOCKED"))) | AN9: =IF(B9<>"Sensor Snapshot","",--(N9>='02_Parameters'!$B$13)) | AO9: =IF(B9<>"Sensor Snapshot","",--(AND(L9="PUMPING",ISNUMBER(AH9),AH9<='02_Parameters'!$B$10))) | AP9: 500 | AQ9: =IF(B9="Calibration Trial",X9-AP9,"") -> -466.7024 | AR9: =IF(AND(B9="Calibration Trial",AP9<>0),AQ9/AP9*100,"") -> -93.34048 | AS9: 1 | AT9: 1 | AU9: g | AV9: ok | AW9: Signed reading preserved; positive magnitude used for calibration analysis | AX9: =IF(B9<>"Sensor Snapshot","",IF(P9<>"",20,0)+IF(T9<>"",20,0)+IF(X9<>"",20,0)+IF(AB9<>"",20,0)+IF(AH9<>"",20,0)) | AY9: =IF(AX9="","",IF(AX9>=90,"A",IF(AX9>=75,"B",IF(AX9>=60,"C","D")))) | AZ9: Compliant: load cell calibrated only for entry-platform presence detection | BA9: Original error columns are retained in the raw sheet; recalculated error uses positive magnitude.
A10: REC-0008 | B10: Calibration Trial | C10: 24279 | D10: =IF(ISNUMBER(C10),C10/1000,"") -> 24.279 | E10: CALIB | F10: 1 | G10: Entry Security | H10: LOADCELL | I10: Load-Cell Calibration | J10: Known reference weight test on entry platform | M10: =IF(L10="IDLE",0,IF(L10="FIRE_DETECTED",1,IF(L10="PUMPING",2,IF(L10="BLOCKED",3,IF(L10="HUMIDIFYING",4,IF(L10="STABLE",5,"")))))) | P10: =IF(AND(ISNUMBER(O10),O10<>-1,O10>='02_Parameters'!$B$18,O10<='02_Parameters'!$B$19),O10,"") | R10: =IF(B10<>"Sensor Snapshot","",IF(O10="","Missing",IF(O10=-1,"Sensor failure sentinel (-1)",IF(OR(O10<'02_Parameters'!$B$18,O10>'02_Parameters'!$B$19),"Out of accepted range","Valid")))) | T10: =IF(AND(ISNUMBER(S10),S10<>-1,S10>='02_Parameters'!$B$20,S10<='02_Parameters'!$B$21),S10,"") | V10: =IF(B10<>"Sensor Snapshot","",IF(S10="","Missing",IF(S10=-1,"Sensor failure sentinel (-1)",IF(OR(S10<'02_Parameters'!$B$20,S10>'02_Parameters'!$B$21),"Out of accepted range","Valid")))) | W10: 23.15 | X10: =IF(ISNUMBER(W10),ABS(W10),"") -> 23.15 | Y10: =IF(B10="Calibration Trial","Calibration magnitude",IF(B10<>"Sensor Snapshot","",IF(W10="","Missing",IF(W10<0,"Sign corrected to positive","Valid")))) -> Calibration magnitude | AB10: =IF(B10<>"Sensor Snapshot","",IF(ISNUMBER(AA10),--(AA10<>0),IF(ISNUMBER(Z10),--(Z10<'02_Parameters'!$B$15),""))) | AC10: =IF(B10<>"Sensor Snapshot","",IF(ISNUMBER(X10),--(X10>='02_Parameters'!$B$16),"")) | AD10: 0 | AE10: =IF(B10<>"Sensor Snapshot","",IF(AD10=1,1,IF(AND(AB10=1,AC10=1),1,0))) | AF10: =IF(B10<>"Sensor Snapshot","",IF(AD10=1,"Logged dual-sensor event",IF(AE10=1,"Derived: optical AND weight",IF(OR(AB10=1,AC10=1),"Partial detection only","No detection")))) | AH10: =IF(B10<>"Sensor Snapshot","",IF(ISNUMBER(AG10),IF(AG10<0,"",IF(AG10>10,AG10/'02_Parameters'!$B$17,AG10)),"")) | AI10: =IF(B10<>"Sensor Snapshot","",IF(AG10="","Missing",IF(AG10<0,"Invalid negative flow",IF(AG10>10,"Normalized from high-scale log","Valid")))) | AJ10: =IF(B10<>"Sensor Snapshot","",--(L10="PUMPING")) | AK10: =IF(B10<>"Sensor Snapshot","",--(L10="HUMIDIFYING")) | AM10: =IF(B10<>"Sensor Snapshot","",--(OR(L10="FIRE_DETECTED",L10="BLOCKED"))) | AN10: =IF(B10<>"Sensor Snapshot","",--(N10>='02_Parameters'!$B$13)) | AO10: =IF(B10<>"Sensor Snapshot","",--(AND(L10="PUMPING",ISNUMBER(AH10),AH10<='02_Parameters'!$B$10))) | AP10: 500 | AQ10: =IF(B10="Calibration Trial",X10-AP10,"") -> -476.85 | AR10: =IF(AND(B10="Calibration Trial",AP10<>0),AQ10/AP10*100,"") -> -95.37 | AS10: 1 | AT10: 2 | AU10: g | AV10: ok | AW10: Signed reading preserved; positive magnitude used for calibration analysis | AX10: =IF(B10<>"Sensor Snapshot","",IF(P10<>"",20,0)+IF(T10<>"",20,0)+IF(X10<>"",20,0)+IF(AB10<>"",20,0)+IF(AH10<>"",20,0)) | AY10: =IF(AX10="","",IF(AX10>=90,"A",IF(AX10>=75,"B",IF(AX10>=60,"C","D")))) | AZ10: Compliant: load cell calibrated only for entry-platform presence detection | BA10: Original error columns are retained in the raw sheet; recalculated error uses positive magnitude.
A11: REC-0009 | B11: Calibration Trial | C11: 24594 | D11: =IF(ISNUMBER(C11),C11/1000,"") -> 24.594 | E11: CALIB | F11: 2 | G11: Entry Security | H11: LOADCELL | I11: Load-Cell Calibration | J11: Known reference weight test on entry platform | M11: =IF(L11="IDLE",0,IF(L11="FIRE_DETECTED",1,IF(L11="PUMPING",2,IF(L11="BLOCKED",3,IF(L11="HUMIDIFYING",4,IF(L11="STABLE",5,"")))))) | P11: =IF(AND(ISNUMBER(O11),O11<>-1,O11>='02_Parameters'!$B$18,O11<='02_Parameters'!$B$19),O11,"") | R11: =IF(B11<>"Sensor Snapshot","",IF(O11="","Missing",IF(O11=-1,"Sensor failure sentinel (-1)",IF(OR(O11<'02_Parameters'!$B$18,O11>'02_Parameters'!$B$19),"Out of accepted range","Valid")))) | T11: =IF(AND(ISNUMBER(S11),S11<>-1,S11>='02_Parameters'!$B$20,S11<='02_Parameters'!$B$21),S11,"") | V11: =IF(B11<>"Sensor Snapshot","",IF(S11="","Missing",IF(S11=-1,"Sensor failure sentinel (-1)",IF(OR(S11<'02_Parameters'!$B$20,S11>'02_Parameters'!$B$21),"Out of accepted range","Valid")))) | W11: 7.6905 | X11: =IF(ISNUMBER(W11),ABS(W11),"") -> 7.6905 | Y11: =IF(B11="Calibration Trial","Calibration magnitude",IF(B11<>"Sensor Snapshot","",IF(W11="","Missing",IF(W11<0,"Sign corrected to positive","Valid")))) -> Calibration magnitude | AB11: =IF(B11<>"Sensor Snapshot","",IF(ISNUMBER(AA11),--(AA11<>0),IF(ISNUMBER(Z11),--(Z11<'02_Parameters'!$B$15),""))) | AC11: =IF(B11<>"Sensor Snapshot","",IF(ISNUMBER(X11),--(X11>='02_Parameters'!$B$16),"")) | AD11: 0 | AE11: =IF(B11<>"Sensor Snapshot","",IF(AD11=1,1,IF(AND(AB11=1,AC11=1),1,0))) | AF11: =IF(B11<>"Sensor Snapshot","",IF(AD11=1,"Logged dual-sensor event",IF(AE11=1,"Derived: optical AND weight",IF(OR(AB11=1,AC11=1),"Partial detection only","No detection")))) | AH11: =IF(B11<>"Sensor Snapshot","",IF(ISNUMBER(AG11),IF(AG11<0,"",IF(AG11>10,AG11/'02_Parameters'!$B$17,AG11)),"")) | AI11: =IF(B11<>"Sensor Snapshot","",IF(AG11="","Missing",IF(AG11<0,"Invalid negative flow",IF(AG11>10,"Normalized from high-scale log","Valid")))) | AJ11: =IF(B11<>"Sensor Snapshot","",--(L11="PUMPING")) | AK11: =IF(B11<>"Sensor Snapshot","",--(L11="HUMIDIFYING")) | AM11: =IF(B11<>"Sensor Snapshot","",--(OR(L11="FIRE_DETECTED",L11="BLOCKED"))) | AN11: =IF(B11<>"Sensor Snapshot","",--(N11>='02_Parameters'!$B$13)) | AO11: =IF(B11<>"Sensor Snapshot","",--(AND(L11="PUMPING",ISNUMBER(AH11),AH11<='02_Parameters'!$B$10))) | AP11: 500 | AQ11: =IF(B11="Calibration Trial",X11-AP11,"") -> -492.3095 | AR11: =IF(AND(B11="Calibration Trial",AP11<>0),AQ11/AP11*100,"") -> -98.4619 | AS11: 1 | AT11: 3 | AU11: g | AV11: ok | AW11: Signed reading preserved; positive magnitude used for calibration analysis | AX11: =IF(B11<>"Sensor Snapshot","",IF(P11<>"",20,0)+IF(T11<>"",20,0)+IF(X11<>"",20,0)+IF(AB11<>"",20,0)+IF(AH11<>"",20,0)) | AY11: =IF(AX11="","",IF(AX11>=90,"A",IF(AX11>=75,"B",IF(AX11>=60,"C","D")))) | AZ11: Compliant: load cell calibrated only for entry-platform presence detection | BA11: Original error columns are retained in the raw sheet; recalculated error uses positive magnitude.
A12: REC-0010 | B12: Calibration Trial | C12: 24907 | D12: =IF(ISNUMBER(C12),C12/1000,"") -> 24.907 | E12: CALIB | F12: 3 | G12: Entry Security | H12: LOADCELL | I12: Load-Cell Calibration | J12: Known reference weight test on entry platform | M12: =IF(L12="IDLE",0,IF(L12="FIRE_DETECTED",1,IF(L12="PUMPING",2,IF(L12="BLOCKED",3,IF(L12="HUMIDIFYING",4,IF(L12="STABLE",5,"")))))) | P12: =IF(AND(ISNUMBER(O12),O12<>-1,O12>='02_Parameters'!$B$18,O12<='02_Parameters'!$B$19),O12,"") | R12: =IF(B12<>"Sensor Snapshot","",IF(O12="","Missing",IF(O12=-1,"Sensor failure sentinel (-1)",IF(OR(O12<'02_Parameters'!$B$18,O12>'02_Parameters'!$B$19),"Out of accepted range","Valid")))) | T12: =IF(AND(ISNUMBER(S12),S12<>-1,S12>='02_Parameters'!$B$20,S12<='02_Parameters'!$B$21),S12,"") | V12: =IF(B12<>"Sensor Snapshot","",IF(S12="","Missing",IF(S12=-1,"Sensor failure sentinel (-1)",IF(OR(S12<'02_Parameters'!$B$20,S12>'02_Parameters'!$B$21),"Out of accepted range","Valid")))) | W12: 14.7905 | X12: =IF(ISNUMBER(W12),ABS(W12),"") -> 14.7905 | Y12: =IF(B12="Calibration Trial","Calibration magnitude",IF(B12<>"Sensor Snapshot","",IF(W12="","Missing",IF(W12<0,"Sign corrected to positive","Valid")))) -> Calibration magnitude | AB12: =IF(B12<>"Sensor Snapshot","",IF(ISNUMBER(AA12),--(AA12<>0),IF(ISNUMBER(Z12),--(Z12<'02_Parameters'!$B$15),""))) | AC12: =IF(B12<>"Sensor Snapshot","",IF(ISNUMBER(X12),--(X12>='02_Parameters'!$B$16),"")) | AD12: 0 | AE12: =IF(B12<>"Sensor Snapshot","",IF(AD12=1,1,IF(AND(AB12=1,AC12=1),1,0))) | AF12: =IF(B12<>"Sensor Snapshot","",IF(AD12=1,"Logged dual-sensor event",IF(AE12=1,"Derived: optical AND weight",IF(OR(AB12=1,AC12=1),"Partial detection only","No detection")))) | AH12: =IF(B12<>"Sensor Snapshot","",IF(ISNUMBER(AG12),IF(AG12<0,"",IF(AG12>10,AG12/'02_Parameters'!$B$17,AG12)),"")) | AI12: =IF(B12<>"Sensor Snapshot","",IF(AG12="","Missing",IF(AG12<0,"Invalid negative flow",IF(AG12>10,"Normalized from high-scale log","Valid")))) | AJ12: =IF(B12<>"Sensor Snapshot","",--(L12="PUMPING")) | AK12: =IF(B12<>"Sensor Snapshot","",--(L12="HUMIDIFYING")) | AM12: =IF(B12<>"Sensor Snapshot","",--(OR(L12="FIRE_DETECTED",L12="BLOCKED"))) | AN12: =IF(B12<>"Sensor Snapshot","",--(N12>='02_Parameters'!$B$13)) | AO12: =IF(B12<>"Sensor Snapshot","",--(AND(L12="PUMPING",ISNUMBER(AH12),AH12<='02_Parameters'!$B$10))) | AP12: 500 | AQ12: =IF(B12="Calibration Trial",X12-AP12,"") -> -485.2095 | AR12: =IF(AND(B12="Calibration Trial",AP12<>0),AQ12/AP12*100,"") -> -97.0419 | AS12: 1 | AT12: 4 | AU12: g | AV12: ok | AW12: Signed reading preserved; positive magnitude used for calibration analysis | AX12: =IF(B12<>"Sensor Snapshot","",IF(P12<>"",20,0)+IF(T12<>"",20,0)+IF(X12<>"",20,0)+IF(AB12<>"",20,0)+IF(AH12<>"",20,0)) | AY12: =IF(AX12="","",IF(AX12>=90,"A",IF(AX12>=75,"B",IF(AX12>=60,"C","D")))) | AZ12: Compliant: load cell calibrated only for entry-platform presence detection | BA12: Original error columns are retained in the raw sheet; recalculated error uses positive magnitude.
A13: REC-0011 | B13: Calibration Trial | C13: 25223 | D13: =IF(ISNUMBER(C13),C13/1000,"") -> 25.223 | E13: CALIB | F13: 4 | G13: Entry Security | H13: LOADCELL | I13: Load-Cell Calibration | J13: Known reference weight test on entry platform | M13: =IF(L13="IDLE",0,IF(L13="FIRE_DETECTED",1,IF(L13="PUMPING",2,IF(L13="BLOCKED",3,IF(L13="HUMIDIFYING",4,IF(L13="STABLE",5,"")))))) | P13: =IF(AND(ISNUMBER(O13),O13<>-1,O13>='02_Parameters'!$B$18,O13<='02_Parameters'!$B$19),O13,"") | R13: =IF(B13<>"Sensor Snapshot","",IF(O13="","Missing",IF(O13=-1,"Sensor failure sentinel (-1)",IF(OR(O13<'02_Parameters'!$B$18,O13>'02_Parameters'!$B$19),"Out of accepted range","Valid")))) | T13: =IF(AND(ISNUMBER(S13),S13<>-1,S13>='02_Parameters'!$B$20,S13<='02_Parameters'!$B$21),S13,"") | V13: =IF(B13<>"Sensor Snapshot","",IF(S13="","Missing",IF(S13=-1,"Sensor failure sentinel (-1)",IF(OR(S13<'02_Parameters'!$B$20,S13>'02_Parameters'!$B$21),"Out of accepted range","Valid")))) | W13: 6.7524 | X13: =IF(ISNUMBER(W13),ABS(W13),"") -> 6.7524 | Y13: =IF(B13="Calibration Trial","Calibration magnitude",IF(B13<>"Sensor Snapshot","",IF(W13="","Missing",IF(W13<0,"Sign corrected to positive","Valid")))) -> Calibration magnitude | AB13: =IF(B13<>"Sensor Snapshot","",IF(ISNUMBER(AA13),--(AA13<>0),IF(ISNUMBER(Z13),--(Z13<'02_Parameters'!$B$15),""))) | AC13: =IF(B13<>"Sensor Snapshot","",IF(ISNUMBER(X13),--(X13>='02_Parameters'!$B$16),"")) | AD13: 0 | AE13: =IF(B13<>"Sensor Snapshot","",IF(AD13=1,1,IF(AND(AB13=1,AC13=1),1,0))) | AF13: =IF(B13<>"Sensor Snapshot","",IF(AD13=1,"Logged dual-sensor event",IF(AE13=1,"Derived: optical AND weight",IF(OR(AB13=1,AC13=1),"Partial detection only","No detection")))) | AH13: =IF(B13<>"Sensor Snapshot","",IF(ISNUMBER(AG13),IF(AG13<0,"",IF(AG13>10,AG13/'02_Parameters'!$B$17,AG13)),"")) | AI13: =IF(B13<>"Sensor Snapshot","",IF(AG13="","Missing",IF(AG13<0,"Invalid negative flow",IF(AG13>10,"Normalized from high-scale log","Valid")))) | AJ13: =IF(B13<>"Sensor Snapshot","",--(L13="PUMPING")) | AK13: =IF(B13<>"Sensor Snapshot","",--(L13="HUMIDIFYING")) | AM13: =IF(B13<>"Sensor Snapshot","",--(OR(L13="FIRE_DETECTED",L13="BLOCKED"))) | AN13: =IF(B13<>"Sensor Snapshot","",--(N13>='02_Parameters'!$B$13)) | AO13: =IF(B13<>"Sensor Snapshot","",--(AND(L13="PUMPING",ISNUMBER(AH13),AH13<='02_Parameters'!$B$10))) | AP13: 500 | AQ13: =IF(B13="Calibration Trial",X13-AP13,"") -> -493.2476 | AR13: =IF(AND(B13="Calibration Trial",AP13<>0),AQ13/AP13*100,"") -> -98.64952 | AS13: 1 | AT13: 5 | AU13: g | AV13: ok | AW13: Signed reading preserved; positive magnitude used for calibration analysis | AX13: =IF(B13<>"Sensor Snapshot","",IF(P13<>"",20,0)+IF(T13<>"",20,0)+IF(X13<>"",20,0)+IF(AB13<>"",20,0)+IF(AH13<>"",20,0)) | AY13: =IF(AX13="","",IF(AX13>=90,"A",IF(AX13>=75,"B",IF(AX13>=60,"C","D")))) | AZ13: Compliant: load cell calibrated only for entry-platform presence detection | BA13: Original error columns are retained in the raw sheet; recalculated error uses positive magnitude.
A14: REC-0012 | B14: Calibration Trial | C14: 25536 | D14: =IF(ISNUMBER(C14),C14/1000,"") -> 25.536 | E14: CALIB | F14: 5 | G14: Entry Security | H14: LOADCELL | I14: Load-Cell Calibration | J14: Known reference weight test on entry platform | M14: =IF(L14="IDLE",0,IF(L14="FIRE_DETECTED",1,IF(L14="PUMPING",2,IF(L14="BLOCKED",3,IF(L14="HUMIDIFYING",4,IF(L14="STABLE",5,"")))))) | P14: =IF(AND(ISNUMBER(O14),O14<>-1,O14>='02_Parameters'!$B$18,O14<='02_Parameters'!$B$19),O14,"") | R14: =IF(B14<>"Sensor Snapshot","",IF(O14="","Missing",IF(O14=-1,"Sensor failure sentinel (-1)",IF(OR(O14<'02_Parameters'!$B$18,O14>'02_Parameters'!$B$19),"Out of accepted range","Valid")))) | T14: =IF(AND(ISNUMBER(S14),S14<>-1,S14>='02_Parameters'!$B$20,S14<='02_Parameters'!$B$21),S14,"") | V14: =IF(B14<>"Sensor Snapshot","",IF(S14="","Missing",IF(S14=-1,"Sensor failure sentinel (-1)",IF(OR(S14<'02_Parameters'!$B$20,S14>'02_Parameters'!$B$21),"Out of accepted range","Valid")))) | W14: 10.5881 | X14: =IF(ISNUMBER(W14),ABS(W14),"") -> 10.5881 | Y14: =IF(B14="Calibration Trial","Calibration magnitude",IF(B14<>"Sensor Snapshot","",IF(W14="","Missing",IF(W14<0,"Sign corrected to positive","Valid")))) -> Calibration magnitude | AB14: =IF(B14<>"Sensor Snapshot","",IF(ISNUMBER(AA14),--(AA14<>0),IF(ISNUMBER(Z14),--(Z14<'02_Parameters'!$B$15),""))) | AC14: =IF(B14<>"Sensor Snapshot","",IF(ISNUMBER(X14),--(X14>='02_Parameters'!$B$16),"")) | AD14: 0 | AE14: =IF(B14<>"Sensor Snapshot","",IF(AD14=1,1,IF(AND(AB14=1,AC14=1),1,0))) | AF14: =IF(B14<>"Sensor Snapshot","",IF(AD14=1,"Logged dual-sensor event",IF(AE14=1,"Derived: optical AND weight",IF(OR(AB14=1,AC14=1),"Partial detection only","No detection")))) | AH14: =IF(B14<>"Sensor Snapshot","",IF(ISNUMBER(AG14),IF(AG14<0,"",IF(AG14>10,AG14/'02_Parameters'!$B$17,AG14)),"")) | AI14: =IF(B14<>"Sensor Snapshot","",IF(AG14="","Missing",IF(AG14<0,"Invalid negative flow",IF(AG14>10,"Normalized from high-scale log","Valid")))) | AJ14: =IF(B14<>"Sensor Snapshot","",--(L14="PUMPING")) | AK14: =IF(B14<>"Sensor Snapshot","",--(L14="HUMIDIFYING")) | AM14: =IF(B14<>"Sensor Snapshot","",--(OR(L14="FIRE_DETECTED",L14="BLOCKED"))) | AN14: =IF(B14<>"Sensor Snapshot","",--(N14>='02_Parameters'!$B$13)) | AO14: =IF(B14<>"Sensor Snapshot","",--(AND(L14="PUMPING",ISNUMBER(AH14),AH14<='02_Parameters'!$B$10))) | AP14: 1000 | AQ14: =IF(B14="Calibration Trial",X14-AP14,"") -> -989.4119 | AR14: =IF(AND(B14="Calibration Trial",AP14<>0),AQ14/AP14*100,"") -> -98.94119 | AS14: 2 | AT14: 1 | AU14: g | AV14: ok | AW14: Signed reading preserved; positive magnitude used for calibration analysis | AX14: =IF(B14<>"Sensor Snapshot","",IF(P14<>"",20,0)+IF(T14<>"",20,0)+IF(X14<>"",20,0)+IF(AB14<>"",20,0)+IF(AH14<>"",20,0)) | AY14: =IF(AX14="","",IF(AX14>=90,"A",IF(AX14>=75,"B",IF(AX14>=60,"C","D")))) | AZ14: Compliant: load cell calibrated only for entry-platform presence detection | BA14: Original error columns are retained in the raw sheet; recalculated error uses positive magnitude.
A15: REC-0013 | B15: Calibration Trial | C15: 25852 | D15: =IF(ISNUMBER(C15),C15/1000,"") -> 25.852 | E15: CALIB | F15: 6 | G15: Entry Security | H15: LOADCELL | I15: Load-Cell Calibration | J15: Known reference weight test on entry platform | M15: =IF(L15="IDLE",0,IF(L15="FIRE_DETECTED",1,IF(L15="PUMPING",2,IF(L15="BLOCKED",3,IF(L15="HUMIDIFYING",4,IF(L15="STABLE",5,"")))))) | P15: =IF(AND(ISNUMBER(O15),O15<>-1,O15>='02_Parameters'!$B$18,O15<='02_Parameters'!$B$19),O15,"") | R15: =IF(B15<>"Sensor Snapshot","",IF(O15="","Missing",IF(O15=-1,"Sensor failure sentinel (-1)",IF(OR(O15<'02_Parameters'!$B$18,O15>'02_Parameters'!$B$19),"Out of accepted range","Valid")))) | T15: =IF(AND(ISNUMBER(S15),S15<>-1,S15>='02_Parameters'!$B$20,S15<='02_Parameters'!$B$21),S15,"") | V15: =IF(B15<>"Sensor Snapshot","",IF(S15="","Missing",IF(S15=-1,"Sensor failure sentinel (-1)",IF(OR(S15<'02_Parameters'!$B$20,S15>'02_Parameters'!$B$21),"Out of accepted range","Valid")))) | W15: 12.7286 | X15: =IF(ISNUMBER(W15),ABS(W15),"") -> 12.7286 | Y15: =IF(B15="Calibration Trial","Calibration magnitude",IF(B15<>"Sensor Snapshot","",IF(W15="","Missing",IF(W15<0,"Sign corrected to positive","Valid")))) -> Calibration magnitude | AB15: =IF(B15<>"Sensor Snapshot","",IF(ISNUMBER(AA15),--(AA15<>0),IF(ISNUMBER(Z15),--(Z15<'02_Parameters'!$B$15),""))) | AC15: =IF(B15<>"Sensor Snapshot","",IF(ISNUMBER(X15),--(X15>='02_Parameters'!$B$16),"")) | AD15: 0 | AE15: =IF(B15<>"Sensor Snapshot","",IF(AD15=1,1,IF(AND(AB15=1,AC15=1),1,0))) | AF15: =IF(B15<>"Sensor Snapshot","",IF(AD15=1,"Logged dual-sensor event",IF(AE15=1,"Derived: optical AND weight",IF(OR(AB15=1,AC15=1),"Partial detection only","No detection")))) | AH15: =IF(B15<>"Sensor Snapshot","",IF(ISNUMBER(AG15),IF(AG15<0,"",IF(AG15>10,AG15/'02_Parameters'!$B$17,AG15)),"")) | AI15: =IF(B15<>"Sensor Snapshot","",IF(AG15="","Missing",IF(AG15<0,"Invalid negative flow",IF(AG15>10,"Normalized from high-scale log","Valid")))) | AJ15: =IF(B15<>"Sensor Snapshot","",--(L15="PUMPING")) | AK15: =IF(B15<>"Sensor Snapshot","",--(L15="HUMIDIFYING")) | AM15: =IF(B15<>"Sensor Snapshot","",--(OR(L15="FIRE_DETECTED",L15="BLOCKED"))) | AN15: =IF(B15<>"Sensor Snapshot","",--(N15>='02_Parameters'!$B$13)) | AO15: =IF(B15<>"Sensor Snapshot","",--(AND(L15="PUMPING",ISNUMBER(AH15),AH15<='02_Parameters'!$B$10))) | AP15: 1000 | AQ15: =IF(B15="Calibration Trial",X15-AP15,"") -> -987.2714 | AR15: =IF(AND(B15="Calibration Trial",AP15<>0),AQ15/AP15*100,"") -> -98.72714 | AS15: 2 | AT15: 2 | AU15: g | AV15: ok | AW15: Signed reading preserved; positive magnitude used for calibration analysis | AX15: =IF(B15<>"Sensor Snapshot","",IF(P15<>"",20,0)+IF(T15<>"",20,0)+IF(X15<>"",20,0)+IF(AB15<>"",20,0)+IF(AH15<>"",20,0)) | AY15: =IF(AX15="","",IF(AX15>=90,"A",IF(AX15>=75,"B",IF(AX15>=60,"C","D")))) | AZ15: Compliant: load cell calibrated only for entry-platform presence detection | BA15: Original error columns are retained in the raw sheet; recalculated error uses positive magnitude.
A16: REC-0014 | B16: Calibration Trial | C16: 26169 | D16: =IF(ISNUMBER(C16),C16/1000,"") -> 26.169 | E16: CALIB | F16: 7 | G16: Entry Security | H16: LOADCELL | I16: Load-Cell Calibration | J16: Known reference weight test on entry platform | M16: =IF(L16="IDLE",0,IF(L16="FIRE_DETECTED",1,IF(L16="PUMPING",2,IF(L16="BLOCKED",3,IF(L16="HUMIDIFYING",4,IF(L16="STABLE",5,"")))))) | P16: =IF(AND(ISNUMBER(O16),O16<>-1,O16>='02_Parameters'!$B$18,O16<='02_Parameters'!$B$19),O16,"") | R16: =IF(B16<>"Sensor Snapshot","",IF(O16="","Missing",IF(O16=-1,"Sensor failure sentinel (-1)",IF(OR(O16<'02_Parameters'!$B$18,O16>'02_Parameters'!$B$19),"Out of accepted range","Valid")))) | T16: =IF(AND(ISNUMBER(S16),S16<>-1,S16>='02_Parameters'!$B$20,S16<='02_Parameters'!$B$21),S16,"") | V16: =IF(B16<>"Sensor Snapshot","",IF(S16="","Missing",IF(S16=-1,"Sensor failure sentinel (-1)",IF(OR(S16<'02_Parameters'!$B$20,S16>'02_Parameters'!$B$21),"Out of accepted range","Valid")))) | W16: -1.7786 | X16: =IF(ISNUMBER(W16),ABS(W16),"") -> 1.7786 | Y16: =IF(B16="Calibration Trial","Calibration magnitude",IF(B16<>"Sensor Snapshot","",IF(W16="","Missing",IF(W16<0,"Sign corrected to positive","Valid")))) -> Calibration magnitude | AB16: =IF(B16<>"Sensor Snapshot","",IF(ISNUMBER(AA16),--(AA16<>0),IF(ISNUMBER(Z16),--(Z16<'02_Parameters'!$B$15),""))) | AC16: =IF(B16<>"Sensor Snapshot","",IF(ISNUMBER(X16),--(X16>='02_Parameters'!$B$16),"")) | AD16: 0 | AE16: =IF(B16<>"Sensor Snapshot","",IF(AD16=1,1,IF(AND(AB16=1,AC16=1),1,0))) | AF16: =IF(B16<>"Sensor Snapshot","",IF(AD16=1,"Logged dual-sensor event",IF(AE16=1,"Derived: optical AND weight",IF(OR(AB16=1,AC16=1),"Partial detection only","No detection")))) | AH16: =IF(B16<>"Sensor Snapshot","",IF(ISNUMBER(AG16),IF(AG16<0,"",IF(AG16>10,AG16/'02_Parameters'!$B$17,AG16)),"")) | AI16: =IF(B16<>"Sensor Snapshot","",IF(AG16="","Missing",IF(AG16<0,"Invalid negative flow",IF(AG16>10,"Normalized from high-scale log","Valid")))) | AJ16: =IF(B16<>"Sensor Snapshot","",--(L16="PUMPING")) | AK16: =IF(B16<>"Sensor Snapshot","",--(L16="HUMIDIFYING")) | AM16: =IF(B16<>"Sensor Snapshot","",--(OR(L16="FIRE_DETECTED",L16="BLOCKED"))) | AN16: =IF(B16<>"Sensor Snapshot","",--(N16>='02_Parameters'!$B$13)) | AO16: =IF(B16<>"Sensor Snapshot","",--(AND(L16="PUMPING",ISNUMBER(AH16),AH16<='02_Parameters'!$B$10))) | AP16: 1000 | AQ16: =IF(B16="Calibration Trial",X16-AP16,"") -> -998.2214 | AR16: =IF(AND(B16="Calibration Trial",AP16<>0),AQ16/AP16*100,"") -> -99.82214 | AS16: 2 | AT16: 3 | AU16: g | AV16: ok | AW16: Signed reading preserved; positive magnitude used for calibration analysis | AX16: =IF(B16<>"Sensor Snapshot","",IF(P16<>"",20,0)+IF(T16<>"",20,0)+IF(X16<>"",20,0)+IF(AB16<>"",20,0)+IF(AH16<>"",20,0)) | AY16: =IF(AX16="","",IF(AX16>=90,"A",IF(AX16>=75,"B",IF(AX16>=60,"C","D")))) | AZ16: Compliant: load cell calibrated only for entry-platform presence detection | BA16: Original error columns are retained in the raw sheet; recalculated error uses positive magnitude.
A17: REC-0015 | B17: Calibration Trial | C17: 26487 | D17: =IF(ISNUMBER(C17),C17/1000,"") -> 26.487 | E17: CALIB | F17: 8 | G17: Entry Security | H17: LOADCELL | I17: Load-Cell Calibration | J17: Known reference weight test on entry platform | M17: =IF(L17="IDLE",0,IF(L17="FIRE_DETECTED",1,IF(L17="PUMPING",2,IF(L17="BLOCKED",3,IF(L17="HUMIDIFYING",4,IF(L17="STABLE",5,"")))))) | P17: =IF(AND(ISNUMBER(O17),O17<>-1,O17>='02_Parameters'!$B$18,O17<='02_Parameters'!$B$19),O17,"") | R17: =IF(B17<>"Sensor Snapshot","",IF(O17="","Missing",IF(O17=-1,"Sensor failure sentinel (-1)",IF(OR(O17<'02_Parameters'!$B$18,O17>'02_Parameters'!$B$19),"Out of accepted range","Valid")))) | T17: =IF(AND(ISNUMBER(S17),S17<>-1,S17>='02_Parameters'!$B$20,S17<='02_Parameters'!$B$21),S17,"") | V17: =IF(B17<>"Sensor Snapshot","",IF(S17="","Missing",IF(S17=-1,"Sensor failure sentinel (-1)",IF(OR(S17<'02_Parameters'!$B$20,S17>'02_Parameters'!$B$21),"Out of accepted range","Valid")))) | W17: -2.8143 | X17: =IF(ISNUMBER(W17),ABS(W17),"") -> 2.8143 | Y17: =IF(B17="Calibration Trial","Calibration magnitude",IF(B17<>"Sensor Snapshot","",IF(W17="","Missing",IF(W17<0,"Sign corrected to positive","Valid")))) -> Calibration magnitude | AB17: =IF(B17<>"Sensor Snapshot","",IF(ISNUMBER(AA17),--(AA17<>0),IF(ISNUMBER(Z17),--(Z17<'02_Parameters'!$B$15),""))) | AC17: =IF(B17<>"Sensor Snapshot","",IF(ISNUMBER(X17),--(X17>='02_Parameters'!$B$16),"")) | AD17: 0 | AE17: =IF(B17<>"Sensor Snapshot","",IF(AD17=1,1,IF(AND(AB17=1,AC17=1),1,0))) | AF17: =IF(B17<>"Sensor Snapshot","",IF(AD17=1,"Logged dual-sensor event",IF(AE17=1,"Derived: optical AND weight",IF(OR(AB17=1,AC17=1),"Partial detection only","No detection")))) | AH17: =IF(B17<>"Sensor Snapshot","",IF(ISNUMBER(AG17),IF(AG17<0,"",IF(AG17>10,AG17/'02_Parameters'!$B$17,AG17)),"")) | AI17: =IF(B17<>"Sensor Snapshot","",IF(AG17="","Missing",IF(AG17<0,"Invalid negative flow",IF(AG17>10,"Normalized from high-scale log","Valid")))) | AJ17: =IF(B17<>"Sensor Snapshot","",--(L17="PUMPING")) | AK17: =IF(B17<>"Sensor Snapshot","",--(L17="HUMIDIFYING")) | AM17: =IF(B17<>"Sensor Snapshot","",--(OR(L17="FIRE_DETECTED",L17="BLOCKED"))) | AN17: =IF(B17<>"Sensor Snapshot","",--(N17>='02_Parameters'!$B$13)) | AO17: =IF(B17<>"Sensor Snapshot","",--(AND(L17="PUMPING",ISNUMBER(AH17),AH17<='02_Parameters'!$B$10))) | AP17: 1000 | AQ17: =IF(B17="Calibration Trial",X17-AP17,"") -> -997.1857 | AR17: =IF(AND(B17="Calibration Trial",AP17<>0),AQ17/AP17*100,"") -> -99.71857 | AS17: 2 | AT17: 4 | AU17: g | AV17: ok | AW17: Signed reading preserved; positive magnitude used for calibration analysis | AX17: =IF(B17<>"Sensor Snapshot","",IF(P17<>"",20,0)+IF(T17<>"",20,0)+IF(X17<>"",20,0)+IF(AB17<>"",20,0)+IF(AH17<>"",20,0)) | AY17: =IF(AX17="","",IF(AX17>=90,"A",IF(AX17>=75,"B",IF(AX17>=60,"C","D")))) | AZ17: Compliant: load cell calibrated only for entry-platform presence detection | BA17: Original error columns are retained in the raw sheet; recalculated error uses positive magnitude.
A18: REC-0016 | B18: Calibration Trial | C18: 26806 | D18: =IF(ISNUMBER(C18),C18/1000,"") -> 26.806 | E18: CALIB | F18: 9 | G18: Entry Security | H18: LOADCELL | I18: Load-Cell Calibration | J18: Known reference weight test on entry platform | M18: =IF(L18="IDLE",0,IF(L18="FIRE_DETECTED",1,IF(L18="PUMPING",2,IF(L18="BLOCKED",3,IF(L18="HUMIDIFYING",4,IF(L18="STABLE",5,"")))))) | P18: =IF(AND(ISNUMBER(O18),O18<>-1,O18>='02_Parameters'!$B$18,O18<='02_Parameters'!$B$19),O18,"") | R18: =IF(B18<>"Sensor Snapshot","",IF(O18="","Missing",IF(O18=-1,"Sensor failure sentinel (-1)",IF(OR(O18<'02_Parameters'!$B$18,O18>'02_Parameters'!$B$19),"Out of accepted range","Valid")))) | T18: =IF(AND(ISNUMBER(S18),S18<>-1,S18>='02_Parameters'!$B$20,S18<='02_Parameters'!$B$21),S18,"") | V18: =IF(B18<>"Sensor Snapshot","",IF(S18="","Missing",IF(S18=-1,"Sensor failure sentinel (-1)",IF(OR(S18<'02_Parameters'!$B$20,S18>'02_Parameters'!$B$21),"Out of accepted range","Valid")))) | W18: -3.0857 | X18: =IF(ISNUMBER(W18),ABS(W18),"") -> 3.0857 | Y18: =IF(B18="Calibration Trial","Calibration magnitude",IF(B18<>"Sensor Snapshot","",IF(W18="","Missing",IF(W18<0,"Sign corrected to positive","Valid")))) -> Calibration magnitude | AB18: =IF(B18<>"Sensor Snapshot","",IF(ISNUMBER(AA18),--(AA18<>0),IF(ISNUMBER(Z18),--(Z18<'02_Parameters'!$B$15),""))) | AC18: =IF(B18<>"Sensor Snapshot","",IF(ISNUMBER(X18),--(X18>='02_Parameters'!$B$16),"")) | AD18: 0 | AE18: =IF(B18<>"Sensor Snapshot","",IF(AD18=1,1,IF(AND(AB18=1,AC18=1),1,0))) | AF18: =IF(B18<>"Sensor Snapshot","",IF(AD18=1,"Logged dual-sensor event",IF(AE18=1,"Derived: optical AND weight",IF(OR(AB18=1,AC18=1),"Partial detection only","No detection")))) | AH18: =IF(B18<>"Sensor Snapshot","",IF(ISNUMBER(AG18),IF(AG18<0,"",IF(AG18>10,AG18/'02_Parameters'!$B$17,AG18)),"")) | AI18: =IF(B18<>"Sensor Snapshot","",IF(AG18="","Missing",IF(AG18<0,"Invalid negative flow",IF(AG18>10,"Normalized from high-scale log","Valid")))) | AJ18: =IF(B18<>"Sensor Snapshot","",--(L18="PUMPING")) | AK18: =IF(B18<>"Sensor Snapshot","",--(L18="HUMIDIFYING")) | AM18: =IF(B18<>"Sensor Snapshot","",--(OR(L18="FIRE_DETECTED",L18="BLOCKED"))) | AN18: =IF(B18<>"Sensor Snapshot","",--(N18>='02_Parameters'!$B$13)) | AO18: =IF(B18<>"Sensor Snapshot","",--(AND(L18="PUMPING",ISNUMBER(AH18),AH18<='02_Parameters'!$B$10))) | AP18: 1000 | AQ18: =IF(B18="Calibration Trial",X18-AP18,"") -> -996.9143 | AR18: =IF(AND(B18="Calibration Trial",AP18<>0),AQ18/AP18*100,"") -> -99.69143 | AS18: 2 | AT18: 5 | AU18: g | AV18: ok | AW18: Signed reading preserved; positive magnitude used for calibration analysis | AX18: =IF(B18<>"Sensor Snapshot","",IF(P18<>"",20,0)+IF(T18<>"",20,0)+IF(X18<>"",20,0)+IF(AB18<>"",20,0)+IF(AH18<>"",20,0)) | AY18: =IF(AX18="","",IF(AX18>=90,"A",IF(AX18>=75,"B",IF(AX18>=60,"C","D")))) | AZ18: Compliant: load cell calibrated only for entry-platform presence detection | BA18: Original error columns are retained in the raw sheet; recalculated error uses positive magnitude.
A19: REC-0017 | B19: Calibration Trial | C19: 27124 | D19: =IF(ISNUMBER(C19),C19/1000,"") -> 27.124 | E19: CALIB | F19: 10 | G19: Entry Security | H19: LOADCELL | I19: Load-Cell Calibration | J19: Known reference weight test on entry platform | M19: =IF(L19="IDLE",0,IF(L19="FIRE_DETECTED",1,IF(L19="PUMPING",2,IF(L19="BLOCKED",3,IF(L19="HUMIDIFYING",4,IF(L19="STABLE",5,"")))))) | P19: =IF(AND(ISNUMBER(O19),O19<>-1,O19>='02_Parameters'!$B$18,O19<='02_Parameters'!$B$19),O19,"") | R19: =IF(B19<>"Sensor Snapshot","",IF(O19="","Missing",IF(O19=-1,"Sensor failure sentinel (-1)",IF(OR(O19<'02_Parameters'!$B$18,O19>'02_Parameters'!$B$19),"Out of accepted range","Valid")))) | T19: =IF(AND(ISNUMBER(S19),S19<>-1,S19>='02_Parameters'!$B$20,S19<='02_Parameters'!$B$21),S19,"") | V19: =IF(B19<>"Sensor Snapshot","",IF(S19="","Missing",IF(S19=-1,"Sensor failure sentinel (-1)",IF(OR(S19<'02_Parameters'!$B$20,S19>'02_Parameters'!$B$21),"Out of accepted range","Valid")))) | W19: -3.1167 | X19: =IF(ISNUMBER(W19),ABS(W19),"") -> 3.1167 | Y19: =IF(B19="Calibration Trial","Calibration magnitude",IF(B19<>"Sensor Snapshot","",IF(W19="","Missing",IF(W19<0,"Sign corrected to positive","Valid")))) -> Calibration magnitude | AB19: =IF(B19<>"Sensor Snapshot","",IF(ISNUMBER(AA19),--(AA19<>0),IF(ISNUMBER(Z19),--(Z19<'02_Parameters'!$B$15),""))) | AC19: =IF(B19<>"Sensor Snapshot","",IF(ISNUMBER(X19),--(X19>='02_Parameters'!$B$16),"")) | AD19: 0 | AE19: =IF(B19<>"Sensor Snapshot","",IF(AD19=1,1,IF(AND(AB19=1,AC19=1),1,0))) | AF19: =IF(B19<>"Sensor Snapshot","",IF(AD19=1,"Logged dual-sensor event",IF(AE19=1,"Derived: optical AND weight",IF(OR(AB19=1,AC19=1),"Partial detection only","No detection")))) | AH19: =IF(B19<>"Sensor Snapshot","",IF(ISNUMBER(AG19),IF(AG19<0,"",IF(AG19>10,AG19/'02_Parameters'!$B$17,AG19)),"")) | AI19: =IF(B19<>"Sensor Snapshot","",IF(AG19="","Missing",IF(AG19<0,"Invalid negative flow",IF(AG19>10,"Normalized from high-scale log","Valid")))) | AJ19: =IF(B19<>"Sensor Snapshot","",--(L19="PUMPING")) | AK19: =IF(B19<>"Sensor Snapshot","",--(L19="HUMIDIFYING")) | AM19: =IF(B19<>"Sensor Snapshot","",--(OR(L19="FIRE_DETECTED",L19="BLOCKED"))) | AN19: =IF(B19<>"Sensor Snapshot","",--(N19>='02_Parameters'!$B$13)) | AO19: =IF(B19<>"Sensor Snapshot","",--(AND(L19="PUMPING",ISNUMBER(AH19),AH19<='02_Parameters'!$B$10))) | AP19: 2000 | AQ19: =IF(B19="Calibration Trial",X19-AP19,"") -> -1996.8833 | AR19: =IF(AND(B19="Calibration Trial",AP19<>0),AQ19/AP19*100,"") -> -99.844165 | AS19: 3 | AT19: 1 | AU19: g | AV19: ok | AW19: Signed reading preserved; positive magnitude used for calibration analysis | AX19: =IF(B19<>"Sensor Snapshot","",IF(P19<>"",20,0)+IF(T19<>"",20,0)+IF(X19<>"",20,0)+IF(AB19<>"",20,0)+IF(AH19<>"",20,0)) | AY19: =IF(AX19="","",IF(AX19>=90,"A",IF(AX19>=75,"B",IF(AX19>=60,"C","D")))) | AZ19: Compliant: load cell calibrated only for entry-platform presence detection | BA19: Original error columns are retained in the raw sheet; recalculated error uses positive magnitude.
A20: REC-0018 | B20: Calibration Trial | C20: 27444 | D20: =IF(ISNUMBER(C20),C20/1000,"") -> 27.444 | E20: CALIB | F20: 11 | G20: Entry Security | H20: LOADCELL | I20: Load-Cell Calibration | J20: Known reference weight test on entry platform | M20: =IF(L20="IDLE",0,IF(L20="FIRE_DETECTED",1,IF(L20="PUMPING",2,IF(L20="BLOCKED",3,IF(L20="HUMIDIFYING",4,IF(L20="STABLE",5,"")))))) | P20: =IF(AND(ISNUMBER(O20),O20<>-1,O20>='02_Parameters'!$B$18,O20<='02_Parameters'!$B$19),O20,"") | R20: =IF(B20<>"Sensor Snapshot","",IF(O20="","Missing",IF(O20=-1,"Sensor failure sentinel (-1)",IF(OR(O20<'02_Parameters'!$B$18,O20>'02_Parameters'!$B$19),"Out of accepted range","Valid")))) | T20: =IF(AND(ISNUMBER(S20),S20<>-1,S20>='02_Parameters'!$B$20,S20<='02_Parameters'!$B$21),S20,"") | V20: =IF(B20<>"Sensor Snapshot","",IF(S20="","Missing",IF(S20=-1,"Sensor failure sentinel (-1)",IF(OR(S20<'02_Parameters'!$B$20,S20>'02_Parameters'!$B$21),"Out of accepted range","Valid")))) | W20: -3.0095 | X20: =IF(ISNUMBER(W20),ABS(W20),"") -> 3.0095 | Y20: =IF(B20="Calibration Trial","Calibration magnitude",IF(B20<>"Sensor Snapshot","",IF(W20="","Missing",IF(W20<0,"Sign corrected to positive","Valid")))) -> Calibration magnitude | AB20: =IF(B20<>"Sensor Snapshot","",IF(ISNUMBER(AA20),--(AA20<>0),IF(ISNUMBER(Z20),--(Z20<'02_Parameters'!$B$15),""))) | AC20: =IF(B20<>"Sensor Snapshot","",IF(ISNUMBER(X20),--(X20>='02_Parameters'!$B$16),"")) | AD20: 0 | AE20: =IF(B20<>"Sensor Snapshot","",IF(AD20=1,1,IF(AND(AB20=1,AC20=1),1,0))) | AF20: =IF(B20<>"Sensor Snapshot","",IF(AD20=1,"Logged dual-sensor event",IF(AE20=1,"Derived: optical AND weight",IF(OR(AB20=1,AC20=1),"Partial detection only","No detection")))) | AH20: =IF(B20<>"Sensor Snapshot","",IF(ISNUMBER(AG20),IF(AG20<0,"",IF(AG20>10,AG20/'02_Parameters'!$B$17,AG20)),"")) | AI20: =IF(B20<>"Sensor Snapshot","",IF(AG20="","Missing",IF(AG20<0,"Invalid negative flow",IF(AG20>10,"Normalized from high-scale log","Valid")))) | AJ20: =IF(B20<>"Sensor Snapshot","",--(L20="PUMPING")) | AK20: =IF(B20<>"Sensor Snapshot","",--(L20="HUMIDIFYING")) | AM20: =IF(B20<>"Sensor Snapshot","",--(OR(L20="FIRE_DETECTED",L20="BLOCKED"))) | AN20: =IF(B20<>"Sensor Snapshot","",--(N20>='02_Parameters'!$B$13)) | AO20: =IF(B20<>"Sensor Snapshot","",--(AND(L20="PUMPING",ISNUMBER(AH20),AH20<='02_Parameters'!$B$10))) | AP20: 2000 | AQ20: =IF(B20="Calibration Trial",X20-AP20,"") -> -1996.9905 | AR20: =IF(AND(B20="Calibration Trial",AP20<>0),AQ20/AP20*100,"") -> -99.849525 | AS20: 3 | AT20: 2 | AU20: g | AV20: ok | AW20: Signed reading preserved; positive magnitude used for calibration analysis | AX20: =IF(B20<>"Sensor Snapshot","",IF(P20<>"",20,0)+IF(T20<>"",20,0)+IF(X20<>"",20,0)+IF(AB20<>"",20,0)+IF(AH20<>"",20,0)) | AY20: =IF(AX20="","",IF(AX20>=90,"A",IF(AX20>=75,"B",IF(AX20>=60,"C","D")))) | AZ20: Compliant: load cell calibrated only for entry-platform presence detection | BA20: Original error columns are retained in the raw sheet; recalculated error uses positive magnitude.
... A23: REC-0021 | B23: Calibration Trial | C23: 28402 | D23: =IF(ISNUMBER(C23),C23/1000,"") -> 28.402 | E23: CALIB | F23: 14 | G23: Entry Security | H23: LOADCELL | I23: Load-Cell Calibration | J23: Known reference weight test on entry platform | M23: =IF(L23="IDLE",0,IF(L23="FIRE_DETECTED",1,IF(L23="PUMPING",2,IF(L23="BLOCKED",3,IF(L23="HUMIDIFYING",4,IF(L23="STABLE",5,"")))))) | P23: =IF(AND(ISNUMBER(O23),O23<>-1,O23>='02_Parameters'!$B$18,O23<='02_Parameters'!$B$19),O23,"") | R23: =IF(B23<>"Sensor Snapshot","",IF(O23="","Missing",IF(O23=-1,"Sensor failure sentinel (-1)",IF(OR(O23<'02_Parameters'!$B$18,O23>'02_Parameters'!$B$19),"Out of accepted range","Valid")))) | T23: =IF(AND(ISNUMBER(S23),S23<>-1,S23>='02_Parameters'!$B$20,S23<='02_Parameters'!$B$21),S23,"") | V23: =IF(B23<>"Sensor Snapshot","",IF(S23="","Missing",IF(S23=-1,"Sensor failure sentinel (-1)",IF(OR(S23<'02_Parameters'!$B$20,S23>'02_Parameters'!$B$21),"Out of accepted range","Valid")))) | W23: -2.581 | X23: =IF(ISNUMBER(W23),ABS(W23),"") -> 2.581 | Y23: =IF(B23="Calibration Trial","Calibration magnitude",IF(B23<>"Sensor Snapshot","",IF(W23="","Missing",IF(W23<0,"Sign corrected to positive","Valid")))) -> Calibration magnitude | AB23: =IF(B23<>"Sensor Snapshot","",IF(ISNUMBER(AA23),--(AA23<>0),IF(ISNUMBER(Z23),--(Z23<'02_Parameters'!$B$15),""))) | AC23: =IF(B23<>"Sensor Snapshot","",IF(ISNUMBER(X23),--(X23>='02_Parameters'!$B$16),"")) | AD23: 0 | AE23: =IF(B23<>"Sensor Snapshot","",IF(AD23=1,1,IF(AND(AB23=1,AC23=1),1,0))) | AF23: =IF(B23<>"Sensor Snapshot","",IF(AD23=1,"Logged dual-sensor event",IF(AE23=1,"Derived: optical AND weight",IF(OR(AB23=1,AC23=1),"Partial detection only","No detection")))) | AH23: =IF(B23<>"Sensor Snapshot","",IF(ISNUMBER(AG23),IF(AG23<0,"",IF(AG23>10,AG23/'02_Parameters'!$B$17,AG23)),"")) | AI23: =IF(B23<>"Sensor Snapshot","",IF(AG23="","Missing",IF(AG23<0,"Invalid negative flow",IF(AG23>10,"Normalized from high-scale log","Valid")))) | AJ23: =IF(B23<>"Sensor Snapshot","",--(L23="PUMPING")) | AK23: =IF(B23<>"Sensor Snapshot","",--(L23="HUMIDIFYING")) | AM23: =IF(B23<>"Sensor Snapshot","",--(OR(L23="FIRE_DETECTED",L23="BLOCKED"))) | AN23: =IF(B23<>"Sensor Snapshot","",--(N23>='02_Parameters'!$B$13)) | AO23: =IF(B23<>"Sensor Snapshot","",--(AND(L23="PUMPING",ISNUMBER(AH23),AH23<='02_Parameters'!$B$10))) | AP23: 2000 | AQ23: =IF(B23="Calibration Trial",X23-AP23,"") -> -1997.419 | AR23: =IF(AND(B23="Calibration Trial",AP23<>0),AQ23/AP23*100,"") -> -99.87095 | AS23: 3 | AT23: 5 | AU23: g | AV23: ok | AW23: Signed reading preserved; positive magnitude used for calibration analysis | AX23: =IF(B23<>"Sensor Snapshot","",IF(P23<>"",20,0)+IF(T23<>"",20,0)+IF(X23<>"",20,0)+IF(AB23<>"",20,0)+IF(AH23<>"",20,0)) | AY23: =IF(AX23="","",IF(AX23>=90,"A",IF(AX23>=75,"B",IF(AX23>=60,"C","D")))) | AZ23: Compliant: load cell calibrated only for entry-platform presence detection | BA23: Original error columns are retained in the raw sheet; recalculated error uses positive magnitude.
A24: REC-0022 | B24: Sensor Snapshot | C24: 28853 | D24: =IF(ISNUMBER(C24),C24/1000,"") -> 28.853 | E24: NORMAL | F24: 2 | G24: Integrated Monitoring | H24: MULTI_SENSOR | M24: =IF(L24="IDLE",0,IF(L24="FIRE_DETECTED",1,IF(L24="PUMPING",2,IF(L24="BLOCKED",3,IF(L24="HUMIDIFYING",4,IF(L24="STABLE",5,"")))))) | O24: 21.9 | P24: =IF(AND(ISNUMBER(O24),O24<>-1,O24>='02_Parameters'!$B$18,O24<='02_Parameters'!$B$19),O24,"") -> 21.9 | Q24: 21.9 | R24: =IF(B24<>"Sensor Snapshot","",IF(O24="","Missing",IF(O24=-1,"Sensor failure sentinel (-1)",IF(OR(O24<'02_Parameters'!$B$18,O24>'02_Parameters'!$B$19),"Out of accepted range","Valid")))) -> Valid | S24: 69.2 | T24: =IF(AND(ISNUMBER(S24),S24<>-1,S24>='02_Parameters'!$B$20,S24<='02_Parameters'!$B$21),S24,"") -> 69.2 | U24: 69.2 | V24: =IF(B24<>"Sensor Snapshot","",IF(S24="","Missing",IF(S24=-1,"Sensor failure sentinel (-1)",IF(OR(S24<'02_Parameters'!$B$20,S24>'02_Parameters'!$B$21),"Out of accepted range","Valid")))) -> Valid | W24: -2.2595 | X24: =IF(ISNUMBER(W24),ABS(W24),"") -> 2.2595 | Y24: =IF(B24="Calibration Trial","Calibration magnitude",IF(B24<>"Sensor Snapshot","",IF(W24="","Missing",IF(W24<0,"Sign corrected to positive","Valid")))) -> Sign corrected to positive | Z24: 48 | AB24: =IF(B24<>"Sensor Snapshot","",IF(ISNUMBER(AA24),--(AA24<>0),IF(ISNUMBER(Z24),--(Z24<'02_Parameters'!$B$15),""))) -> 1 | AC24: =IF(B24<>"Sensor Snapshot","",IF(ISNUMBER(X24),--(X24>='02_Parameters'!$B$16),"")) -> 0 | AD24: 0 | AE24: =IF(B24<>"Sensor Snapshot","",IF(AD24=1,1,IF(AND(AB24=1,AC24=1),1,0))) -> 0 | AF24: =IF(B24<>"Sensor Snapshot","",IF(AD24=1,"Logged dual-sensor event",IF(AE24=1,"Derived: optical AND weight",IF(OR(AB24=1,AC24=1),"Partial detection only","No detection")))) -> Partial detection only | AG24: 0 | AH24: =IF(B24<>"Sensor Snapshot","",IF(ISNUMBER(AG24),IF(AG24<0,"",IF(AG24>10,AG24/'02_Parameters'!$B$17,AG24)),"")) -> 0 | AI24: =IF(B24<>"Sensor Snapshot","",IF(AG24="","Missing",IF(AG24<0,"Invalid negative flow",IF(AG24>10,"Normalized from high-scale log","Valid")))) -> Valid | AJ24: =IF(B24<>"Sensor Snapshot","",--(L24="PUMPING")) -> 0 | AK24: =IF(B24<>"Sensor Snapshot","",--(L24="HUMIDIFYING")) -> 0 | AM24: =IF(B24<>"Sensor Snapshot","",--(OR(L24="FIRE_DETECTED",L24="BLOCKED"))) -> 0 | AN24: =IF(B24<>"Sensor Snapshot","",--(N24>='02_Parameters'!$B$13)) -> 0 | AO24: =IF(B24<>"Sensor Snapshot","",--(AND(L24="PUMPING",ISNUMBER(AH24),AH24<='02_Parameters'!$B$10))) -> 0 | AQ24: =IF(B24="Calibration Trial",X24-AP24,"") | AR24: =IF(AND(B24="Calibration Trial",AP24<>0),AQ24/AP24*100,"") | AU24: mixed | AV24: snapshot | AW24: Load-cell sign corrected with absolute value | AX24: =IF(B24<>"Sensor Snapshot","",IF(P24<>"",20,0)+IF(T24<>"",20,0)+IF(X24<>"",20,0)+IF(AB24<>"",20,0)+IF(AH24<>"",20,0)) -> 100 | AY24: =IF(AX24="","",IF(AX24>=90,"A",IF(AX24>=75,"B",IF(AX24>=60,"C","D")))) -> A | AZ24: Corrected model: load cell treated only as entry-platform sensor | BA24: Grouped from five long-format sensor rows.
A25: REC-0023 | B25: System Event | C25: 29068 | D25: =IF(ISNUMBER(C25),C25/1000,"") -> 29.068 | E25: NORMAL | G25: Fire Protection | H25: FAN | I25: Fan ON | J25: fan on | M25: =IF(L25="IDLE",0,IF(L25="FIRE_DETECTED",1,IF(L25="PUMPING",2,IF(L25="BLOCKED",3,IF(L25="HUMIDIFYING",4,IF(L25="STABLE",5,"")))))) | P25: =IF(AND(ISNUMBER(O25),O25<>-1,O25>='02_Parameters'!$B$18,O25<='02_Parameters'!$B$19),O25,"") | R25: =IF(B25<>"Sensor Snapshot","",IF(O25="","Missing",IF(O25=-1,"Sensor failure sentinel (-1)",IF(OR(O25<'02_Parameters'!$B$18,O25>'02_Parameters'!$B$19),"Out of accepted range","Valid")))) | T25: =IF(AND(ISNUMBER(S25),S25<>-1,S25>='02_Parameters'!$B$20,S25<='02_Parameters'!$B$21),S25,"") | V25: =IF(B25<>"Sensor Snapshot","",IF(S25="","Missing",IF(S25=-1,"Sensor failure sentinel (-1)",IF(OR(S25<'02_Parameters'!$B$20,S25>'02_Parameters'!$B$21),"Out of accepted range","Valid")))) | X25: =IF(ISNUMBER(W25),ABS(W25),"") | Y25: =IF(B25="Calibration Trial","Calibration magnitude",IF(B25<>"Sensor Snapshot","",IF(W25="","Missing",IF(W25<0,"Sign corrected to positive","Valid")))) | AB25: =IF(B25<>"Sensor Snapshot","",IF(ISNUMBER(AA25),--(AA25<>0),IF(ISNUMBER(Z25),--(Z25<'02_Parameters'!$B$15),""))) | AC25: =IF(B25<>"Sensor Snapshot","",IF(ISNUMBER(X25),--(X25>='02_Parameters'!$B$16),"")) | AD25: 0 | AE25: =IF(B25<>"Sensor Snapshot","",IF(AD25=1,1,IF(AND(AB25=1,AC25=1),1,0))) | AF25: =IF(B25<>"Sensor Snapshot","",IF(AD25=1,"Logged dual-sensor event",IF(AE25=1,"Derived: optical AND weight",IF(OR(AB25=1,AC25=1),"Partial detection only","No detection")))) | AH25: =IF(B25<>"Sensor Snapshot","",IF(ISNUMBER(AG25),IF(AG25<0,"",IF(AG25>10,AG25/'02_Parameters'!$B$17,AG25)),"")) | AI25: =IF(B25<>"Sensor Snapshot","",IF(AG25="","Missing",IF(AG25<0,"Invalid negative flow",IF(AG25>10,"Normalized from high-scale log","Valid")))) | AJ25: =IF(B25<>"Sensor Snapshot","",--(L25="PUMPING")) | AK25: =IF(B25<>"Sensor Snapshot","",--(L25="HUMIDIFYING")) | AL25: 1 | AM25: =IF(B25<>"Sensor Snapshot","",--(OR(L25="FIRE_DETECTED",L25="BLOCKED"))) | AN25: =IF(B25<>"Sensor Snapshot","",--(N25>='02_Parameters'!$B$13)) | AO25: =IF(B25<>"Sensor Snapshot","",--(AND(L25="PUMPING",ISNUMBER(AH25),AH25<='02_Parameters'!$B$10))) | AQ25: =IF(B25="Calibration Trial",X25-AP25,"") | AR25: =IF(AND(B25="Calibration Trial",AP25<>0),AQ25/AP25*100,"") | AW25: Event standardized; original event preserved in raw-data sheet | AX25: =IF(B25<>"Sensor Snapshot","",IF(P25<>"",20,0)+IF(T25<>"",20,0)+IF(X25<>"",20,0)+IF(AB25<>"",20,0)+IF(AH25<>"",20,0)) | AY25: =IF(AX25="","",IF(AX25>=90,"A",IF(AX25>=75,"B",IF(AX25>=60,"C","D")))) | AZ25: Consistent with corrected README sequence
A26: REC-0024 | B26: System Event | C26: 29112 | D26: =IF(ISNUMBER(C26),C26/1000,"") -> 29.112 | E26: NORMAL | G26: Entry Security | H26: SECURITY | I26: Legacy Proximity Trigger | J26: proximity detected | M26: =IF(L26="IDLE",0,IF(L26="FIRE_DETECTED",1,IF(L26="PUMPING",2,IF(L26="BLOCKED",3,IF(L26="HUMIDIFYING",4,IF(L26="STABLE",5,"")))))) | P26: =IF(AND(ISNUMBER(O26),O26<>-1,O26>='02_Parameters'!$B$18,O26<='02_Parameters'!$B$19),O26,"") | R26: =IF(B26<>"Sensor Snapshot","",IF(O26="","Missing",IF(O26=-1,"Sensor failure sentinel (-1)",IF(OR(O26<'02_Parameters'!$B$18,O26>'02_Parameters'!$B$19),"Out of accepted range","Valid")))) | T26: =IF(AND(ISNUMBER(S26),S26<>-1,S26>='02_Parameters'!$B$20,S26<='02_Parameters'!$B$21),S26,"") | V26: =IF(B26<>"Sensor Snapshot","",IF(S26="","Missing",IF(S26=-1,"Sensor failure sentinel (-1)",IF(OR(S26<'02_Parameters'!$B$20,S26>'02_Parameters'!$B$21),"Out of accepted range","Valid")))) | X26: =IF(ISNUMBER(W26),ABS(W26),"") | Y26: =IF(B26="Calibration Trial","Calibration magnitude",IF(B26<>"Sensor Snapshot","",IF(W26="","Missing",IF(W26<0,"Sign corrected to positive","Valid")))) | AB26: =IF(B26<>"Sensor Snapshot","",IF(ISNUMBER(AA26),--(AA26<>0),IF(ISNUMBER(Z26),--(Z26<'02_Parameters'!$B$15),""))) | AC26: =IF(B26<>"Sensor Snapshot","",IF(ISNUMBER(X26),--(X26>='02_Parameters'!$B$16),"")) | AD26: 0 | AE26: =IF(B26<>"Sensor Snapshot","",IF(AD26=1,1,IF(AND(AB26=1,AC26=1),1,0))) | AF26: =IF(B26<>"Sensor Snapshot","",IF(AD26=1,"Logged dual-sensor event",IF(AE26=1,"Derived: optical AND weight",IF(OR(AB26=1,AC26=1),"Partial detection only","No detection")))) | AH26: =IF(B26<>"Sensor Snapshot","",IF(ISNUMBER(AG26),IF(AG26<0,"",IF(AG26>10,AG26/'02_Parameters'!$B$17,AG26)),"")) | AI26: =IF(B26<>"Sensor Snapshot","",IF(AG26="","Missing",IF(AG26<0,"Invalid negative flow",IF(AG26>10,"Normalized from high-scale log","Valid")))) | AJ26: =IF(B26<>"Sensor Snapshot","",--(L26="PUMPING")) | AK26: =IF(B26<>"Sensor Snapshot","",--(L26="HUMIDIFYING")) | AM26: =IF(B26<>"Sensor Snapshot","",--(OR(L26="FIRE_DETECTED",L26="BLOCKED"))) | AN26: =IF(B26<>"Sensor Snapshot","",--(N26>='02_Parameters'!$B$13)) | AO26: =IF(B26<>"Sensor Snapshot","",--(AND(L26="PUMPING",ISNUMBER(AH26),AH26<='02_Parameters'!$B$10))) | AQ26: =IF(B26="Calibration Trial",X26-AP26,"") | AR26: =IF(AND(B26="Calibration Trial",AP26<>0),AQ26/AP26*100,"") | AW26: Event standardized; original event preserved in raw-data sheet | AX26: =IF(B26<>"Sensor Snapshot","",IF(P26<>"",20,0)+IF(T26<>"",20,0)+IF(X26<>"",20,0)+IF(AB26<>"",20,0)+IF(AH26<>"",20,0)) | AY26: =IF(AX26="","",IF(AX26>=90,"A",IF(AX26>=75,"B",IF(AX26>=60,"C","D")))) | AZ26: Legacy optical-only label; corrected README requires optical AND load-cell confirmation
A27: REC-0025 | B27: System Event | C27: 29177 | D27: =IF(ISNUMBER(C27),C27/1000,"") -> 29.177 | E27: NORMAL | G27: Entry Security | H27: SECURITY | I27: PIN Entry Started | J27: password started | M27: =IF(L27="IDLE",0,IF(L27="FIRE_DETECTED",1,IF(L27="PUMPING",2,IF(L27="BLOCKED",3,IF(L27="HUMIDIFYING",4,IF(L27="STABLE",5,"")))))) | P27: =IF(AND(ISNUMBER(O27),O27<>-1,O27>='02_Parameters'!$B$18,O27<='02_Parameters'!$B$19),O27,"") | R27: =IF(B27<>"Sensor Snapshot","",IF(O27="","Missing",IF(O27=-1,"Sensor failure sentinel (-1)",IF(OR(O27<'02_Parameters'!$B$18,O27>'02_Parameters'!$B$19),"Out of accepted range","Valid")))) | T27: =IF(AND(ISNUMBER(S27),S27<>-1,S27>='02_Parameters'!$B$20,S27<='02_Parameters'!$B$21),S27,"") | V27: =IF(B27<>"Sensor Snapshot","",IF(S27="","Missing",IF(S27=-1,"Sensor failure sentinel (-1)",IF(OR(S27<'02_Parameters'!$B$20,S27>'02_Parameters'!$B$21),"Out of accepted range","Valid")))) | X27: =IF(ISNUMBER(W27),ABS(W27),"") | Y27: =IF(B27="Calibration Trial","Calibration magnitude",IF(B27<>"Sensor Snapshot","",IF(W27="","Missing",IF(W27<0,"Sign corrected to positive","Valid")))) | AB27: =IF(B27<>"Sensor Snapshot","",IF(ISNUMBER(AA27),--(AA27<>0),IF(ISNUMBER(Z27),--(Z27<'02_Parameters'!$B$15),""))) | AC27: =IF(B27<>"Sensor Snapshot","",IF(ISNUMBER(X27),--(X27>='02_Parameters'!$B$16),"")) | AD27: 0 | AE27: =IF(B27<>"Sensor Snapshot","",IF(AD27=1,1,IF(AND(AB27=1,AC27=1),1,0))) | AF27: =IF(B27<>"Sensor Snapshot","",IF(AD27=1,"Logged dual-sensor event",IF(AE27=1,"Derived: optical AND weight",IF(OR(AB27=1,AC27=1),"Partial detection only","No detection")))) | AH27: =IF(B27<>"Sensor Snapshot","",IF(ISNUMBER(AG27),IF(AG27<0,"",IF(AG27>10,AG27/'02_Parameters'!$B$17,AG27)),"")) | AI27: =IF(B27<>"Sensor Snapshot","",IF(AG27="","Missing",IF(AG27<0,"Invalid negative flow",IF(AG27>10,"Normalized from high-scale log","Valid")))) | AJ27: =IF(B27<>"Sensor Snapshot","",--(L27="PUMPING")) | AK27: =IF(B27<>"Sensor Snapshot","",--(L27="HUMIDIFYING")) | AM27: =IF(B27<>"Sensor Snapshot","",--(OR(L27="FIRE_DETECTED",L27="BLOCKED"))) | AN27: =IF(B27<>"Sensor Snapshot","",--(N27>='02_Parameters'!$B$13)) | AO27: =IF(B27<>"Sensor Snapshot","",--(AND(L27="PUMPING",ISNUMBER(AH27),AH27<='02_Parameters'!$B$10))) | AQ27: =IF(B27="Calibration Trial",X27-AP27,"") | AR27: =IF(AND(B27="Calibration Trial",AP27<>0),AQ27/AP27*100,"") | AW27: Event standardized; original event preserved in raw-data sheet | AX27: =IF(B27<>"Sensor Snapshot","",IF(P27<>"",20,0)+IF(T27<>"",20,0)+IF(X27<>"",20,0)+IF(AB27<>"",20,0)+IF(AH27<>"",20,0)) | AY27: =IF(AX27="","",IF(AX27>=90,"A",IF(AX27>=75,"B",IF(AX27>=60,"C","D")))) | AZ27: Consistent with corrected README sequence
A28: REC-0026 | B28: Sensor Snapshot | C28: 44397 | D28: =IF(ISNUMBER(C28),C28/1000,"") -> 44.397 | E28: NORMAL | F28: 3 | G28: Integrated Monitoring | H28: MULTI_SENSOR | M28: =IF(L28="IDLE",0,IF(L28="FIRE_DETECTED",1,IF(L28="PUMPING",2,IF(L28="BLOCKED",3,IF(L28="HUMIDIFYING",4,IF(L28="STABLE",5,"")))))) | O28: 21.9 | P28: =IF(AND(ISNUMBER(O28),O28<>-1,O28>='02_Parameters'!$B$18,O28<='02_Parameters'!$B$19),O28,"") -> 21.9 | Q28: 21.9 | R28: =IF(B28<>"Sensor Snapshot","",IF(O28="","Missing",IF(O28=-1,"Sensor failure sentinel (-1)",IF(OR(O28<'02_Parameters'!$B$18,O28>'02_Parameters'!$B$19),"Out of accepted range","Valid")))) -> Valid | S28: 69.1 | T28: =IF(AND(ISNUMBER(S28),S28<>-1,S28>='02_Parameters'!$B$20,S28<='02_Parameters'!$B$21),S28,"") -> 69.1 | U28: 69.1 | V28: =IF(B28<>"Sensor Snapshot","",IF(S28="","Missing",IF(S28=-1,"Sensor failure sentinel (-1)",IF(OR(S28<'02_Parameters'!$B$20,S28>'02_Parameters'!$B$21),"Out of accepted range","Valid")))) -> Valid | W28: 23.8452 | X28: =IF(ISNUMBER(W28),ABS(W28),"") -> 23.8452 | Y28: =IF(B28="Calibration Trial","Calibration magnitude",IF(B28<>"Sensor Snapshot","",IF(W28="","Missing",IF(W28<0,"Sign corrected to positive","Valid")))) -> Valid | Z28: 839 | AB28: =IF(B28<>"Sensor Snapshot","",IF(ISNUMBER(AA28),--(AA28<>0),IF(ISNUMBER(Z28),--(Z28<'02_Parameters'!$B$15),""))) -> 0 | AC28: =IF(B28<>"Sensor Snapshot","",IF(ISNUMBER(X28),--(X28>='02_Parameters'!$B$16),"")) -> 1 | AD28: 0 | AE28: =IF(B28<>"Sensor Snapshot","",IF(AD28=1,1,IF(AND(AB28=1,AC28=1),1,0))) -> 0 | AF28: =IF(B28<>"Sensor Snapshot","",IF(AD28=1,"Logged dual-sensor event",IF(AE28=1,"Derived: optical AND weight",IF(OR(AB28=1,AC28=1),"Partial detection only","No detection")))) -> Partial detection only | AG28: 0 | AH28: =IF(B28<>"Sensor Snapshot","",IF(ISNUMBER(AG28),IF(AG28<0,"",IF(AG28>10,AG28/'02_Parameters'!$B$17,AG28)),"")) -> 0 | AI28: =IF(B28<>"Sensor Snapshot","",IF(AG28="","Missing",IF(AG28<0,"Invalid negative flow",IF(AG28>10,"Normalized from high-scale log","Valid")))) -> Valid | AJ28: =IF(B28<>"Sensor Snapshot","",--(L28="PUMPING")) -> 0 | AK28: =IF(B28<>"Sensor Snapshot","",--(L28="HUMIDIFYING")) -> 0 | AM28: =IF(B28<>"Sensor Snapshot","",--(OR(L28="FIRE_DETECTED",L28="BLOCKED"))) -> 0 | AN28: =IF(B28<>"Sensor Snapshot","",--(N28>='02_Parameters'!$B$13)) -> 0 | AO28: =IF(B28<>"Sensor Snapshot","",--(AND(L28="PUMPING",ISNUMBER(AH28),AH28<='02_Parameters'!$B$10))) -> 0 | AQ28: =IF(B28="Calibration Trial",X28-AP28,"") | AR28: =IF(AND(B28="Calibration Trial",AP28<>0),AQ28/AP28*100,"") | AU28: mixed | AV28: snapshot | AW28: Raw values retained; derived fields calculated transparently | AX28: =IF(B28<>"Sensor Snapshot","",IF(P28<>"",20,0)+IF(T28<>"",20,0)+IF(X28<>"",20,0)+IF(AB28<>"",20,0)+IF(AH28<>"",20,0)) -> 100 | AY28: =IF(AX28="","",IF(AX28>=90,"A",IF(AX28>=75,"B",IF(AX28>=60,"C","D")))) -> A | AZ28: Corrected model: load cell treated only as entry-platform sensor | BA28: Grouped from five long-format sensor rows.
A29: REC-0027 | B29: System Event | C29: 44615 | D29: =IF(ISNUMBER(C29),C29/1000,"") -> 44.615 | E29: NORMAL | G29: Fire Protection | H29: FAN | I29: Fan OFF | J29: fan off | M29: =IF(L29="IDLE",0,IF(L29="FIRE_DETECTED",1,IF(L29="PUMPING",2,IF(L29="BLOCKED",3,IF(L29="HUMIDIFYING",4,IF(L29="STABLE",5,"")))))) | P29: =IF(AND(ISNUMBER(O29),O29<>-1,O29>='02_Parameters'!$B$18,O29<='02_Parameters'!$B$19),O29,"") | R29: =IF(B29<>"Sensor Snapshot","",IF(O29="","Missing",IF(O29=-1,"Sensor failure sentinel (-1)",IF(OR(O29<'02_Parameters'!$B$18,O29>'02_Parameters'!$B$19),"Out of accepted range","Valid")))) | T29: =IF(AND(ISNUMBER(S29),S29<>-1,S29>='02_Parameters'!$B$20,S29<='02_Parameters'!$B$21),S29,"") | V29: =IF(B29<>"Sensor Snapshot","",IF(S29="","Missing",IF(S29=-1,"Sensor failure sentinel (-1)",IF(OR(S29<'02_Parameters'!$B$20,S29>'02_Parameters'!$B$21),"Out of accepted range","Valid")))) | X29: =IF(ISNUMBER(W29),ABS(W29),"") | Y29: =IF(B29="Calibration Trial","Calibration magnitude",IF(B29<>"Sensor Snapshot","",IF(W29="","Missing",IF(W29<0,"Sign corrected to positive","Valid")))) | AB29: =IF(B29<>"Sensor Snapshot","",IF(ISNUMBER(AA29),--(AA29<>0),IF(ISNUMBER(Z29),--(Z29<'02_Parameters'!$B$15),""))) | AC29: =IF(B29<>"Sensor Snapshot","",IF(ISNUMBER(X29),--(X29>='02_Parameters'!$B$16),"")) | AD29: 0 | AE29: =IF(B29<>"Sensor Snapshot","",IF(AD29=1,1,IF(AND(AB29=1,AC29=1),1,0))) | AF29: =IF(B29<>"Sensor Snapshot","",IF(AD29=1,"Logged dual-sensor event",IF(AE29=1,"Derived: optical AND weight",IF(OR(AB29=1,AC29=1),"Partial detection only","No detection")))) | AH29: =IF(B29<>"Sensor Snapshot","",IF(ISNUMBER(AG29),IF(AG29<0,"",IF(AG29>10,AG29/'02_Parameters'!$B$17,AG29)),"")) | AI29: =IF(B29<>"Sensor Snapshot","",IF(AG29="","Missing",IF(AG29<0,"Invalid negative flow",IF(AG29>10,"Normalized from high-scale log","Valid")))) | AJ29: =IF(B29<>"Sensor Snapshot","",--(L29="PUMPING")) | AK29: =IF(B29<>"Sensor Snapshot","",--(L29="HUMIDIFYING")) | AL29: 0 | AM29: =IF(B29<>"Sensor Snapshot","",--(OR(L29="FIRE_DETECTED",L29="BLOCKED"))) | AN29: =IF(B29<>"Sensor Snapshot","",--(N29>='02_Parameters'!$B$13)) | AO29: =IF(B29<>"Sensor Snapshot","",--(AND(L29="PUMPING",ISNUMBER(AH29),AH29<='02_Parameters'!$B$10))) | AQ29: =IF(B29="Calibration Trial",X29-AP29,"") | AR29: =IF(AND(B29="Calibration Trial",AP29<>0),AQ29/AP29*100,"") | AW29: Event standardized; original event preserved in raw-data sheet | AX29: =IF(B29<>"Sensor Snapshot","",IF(P29<>"",20,0)+IF(T29<>"",20,0)+IF(X29<>"",20,0)+IF(AB29<>"",20,0)+IF(AH29<>"",20,0)) | AY29: =IF(AX29="","",IF(AX29>=90,"A",IF(AX29>=75,"B",IF(AX29>=60,"C","D")))) | AZ29: Consistent with corrected README sequence
A30: REC-0028 | B30: System Event | C30: 44655 | D30: =IF(ISNUMBER(C30),C30/1000,"") -> 44.655 | E30: NORMAL | G30: Entry Security | H30: SECURITY | I30: Legacy Proximity Trigger | J30: proximity detected | M30: =IF(L30="IDLE",0,IF(L30="FIRE_DETECTED",1,IF(L30="PUMPING",2,IF(L30="BLOCKED",3,IF(L30="HUMIDIFYING",4,IF(L30="STABLE",5,"")))))) | P30: =IF(AND(ISNUMBER(O30),O30<>-1,O30>='02_Parameters'!$B$18,O30<='02_Parameters'!$B$19),O30,"") | R30: =IF(B30<>"Sensor Snapshot","",IF(O30="","Missing",IF(O30=-1,"Sensor failure sentinel (-1)",IF(OR(O30<'02_Parameters'!$B$18,O30>'02_Parameters'!$B$19),"Out of accepted range","Valid")))) | T30: =IF(AND(ISNUMBER(S30),S30<>-1,S30>='02_Parameters'!$B$20,S30<='02_Parameters'!$B$21),S30,"") | V30: =IF(B30<>"Sensor Snapshot","",IF(S30="","Missing",IF(S30=-1,"Sensor failure sentinel (-1)",IF(OR(S30<'02_Parameters'!$B$20,S30>'02_Parameters'!$B$21),"Out of accepted range","Valid")))) | X30: =IF(ISNUMBER(W30),ABS(W30),"") | Y30: =IF(B30="Calibration Trial","Calibration magnitude",IF(B30<>"Sensor Snapshot","",IF(W30="","Missing",IF(W30<0,"Sign corrected to positive","Valid")))) | AB30: =IF(B30<>"Sensor Snapshot","",IF(ISNUMBER(AA30),--(AA30<>0),IF(ISNUMBER(Z30),--(Z30<'02_Parameters'!$B$15),""))) | AC30: =IF(B30<>"Sensor Snapshot","",IF(ISNUMBER(X30),--(X30>='02_Parameters'!$B$16),"")) | AD30: 0 | AE30: =IF(B30<>"Sensor Snapshot","",IF(AD30=1,1,IF(AND(AB30=1,AC30=1),1,0))) | AF30: =IF(B30<>"Sensor Snapshot","",IF(AD30=1,"Logged dual-sensor event",IF(AE30=1,"Derived: optical AND weight",IF(OR(AB30=1,AC30=1),"Partial detection only","No detection")))) | AH30: =IF(B30<>"Sensor Snapshot","",IF(ISNUMBER(AG30),IF(AG30<0,"",IF(AG30>10,AG30/'02_Parameters'!$B$17,AG30)),"")) | AI30: =IF(B30<>"Sensor Snapshot","",IF(AG30="","Missing",IF(AG30<0,"Invalid negative flow",IF(AG30>10,"Normalized from high-scale log","Valid")))) | AJ30: =IF(B30<>"Sensor Snapshot","",--(L30="PUMPING")) | AK30: =IF(B30<>"Sensor Snapshot","",--(L30="HUMIDIFYING")) | AM30: =IF(B30<>"Sensor Snapshot","",--(OR(L30="FIRE_DETECTED",L30="BLOCKED"))) | AN30: =IF(B30<>"Sensor Snapshot","",--(N30>='02_Parameters'!$B$13)) | AO30: =IF(B30<>"Sensor Snapshot","",--(AND(L30="PUMPING",ISNUMBER(AH30),AH30<='02_Parameters'!$B$10))) | AQ30: =IF(B30="Calibration Trial",X30-AP30,"") | AR30: =IF(AND(B30="Calibration Trial",AP30<>0),AQ30/AP30*100,"") | AW30: Event standardized; original event preserved in raw-data sheet | AX30: =IF(B30<>"Sensor Snapshot","",IF(P30<>"",20,0)+IF(T30<>"",20,0)+IF(X30<>"",20,0)+IF(AB30<>"",20,0)+IF(AH30<>"",20,0)) | AY30: =IF(AX30="","",IF(AX30>=90,"A",IF(AX30>=75,"B",IF(AX30>=60,"C","D")))) | AZ30: Legacy optical-only label; corrected README requires optical AND load-cell confirmation
A31: REC-0029 | B31: System Event | C31: 44725 | D31: =IF(ISNUMBER(C31),C31/1000,"") -> 44.725 | E31: NORMAL | G31: Entry Security | H31: SECURITY | I31: PIN Entry Started | J31: password started | M31: =IF(L31="IDLE",0,IF(L31="FIRE_DETECTED",1,IF(L31="PUMPING",2,IF(L31="BLOCKED",3,IF(L31="HUMIDIFYING",4,IF(L31="STABLE",5,"")))))) | P31: =IF(AND(ISNUMBER(O31),O31<>-1,O31>='02_Parameters'!$B$18,O31<='02_Parameters'!$B$19),O31,"") | R31: =IF(B31<>"Sensor Snapshot","",IF(O31="","Missing",IF(O31=-1,"Sensor failure sentinel (-1)",IF(OR(O31<'02_Parameters'!$B$18,O31>'02_Parameters'!$B$19),"Out of accepted range","Valid")))) | T31: =IF(AND(ISNUMBER(S31),S31<>-1,S31>='02_Parameters'!$B$20,S31<='02_Parameters'!$B$21),S31,"") | V31: =IF(B31<>"Sensor Snapshot","",IF(S31="","Missing",IF(S31=-1,"Sensor failure sentinel (-1)",IF(OR(S31<'02_Parameters'!$B$20,S31>'02_Parameters'!$B$21),"Out of accepted range","Valid")))) | X31: =IF(ISNUMBER(W31),ABS(W31),"") | Y31: =IF(B31="Calibration Trial","Calibration magnitude",IF(B31<>"Sensor Snapshot","",IF(W31="","Missing",IF(W31<0,"Sign corrected to positive","Valid")))) | AB31: =IF(B31<>"Sensor Snapshot","",IF(ISNUMBER(AA31),--(AA31<>0),IF(ISNUMBER(Z31),--(Z31<'02_Parameters'!$B$15),""))) | AC31: =IF(B31<>"Sensor Snapshot","",IF(ISNUMBER(X31),--(X31>='02_Parameters'!$B$16),"")) | AD31: 0 | AE31: =IF(B31<>"Sensor Snapshot","",IF(AD31=1,1,IF(AND(AB31=1,AC31=1),1,0))) | AF31: =IF(B31<>"Sensor Snapshot","",IF(AD31=1,"Logged dual-sensor event",IF(AE31=1,"Derived: optical AND weight",IF(OR(AB31=1,AC31=1),"Partial detection only","No detection")))) | AH31: =IF(B31<>"Sensor Snapshot","",IF(ISNUMBER(AG31),IF(AG31<0,"",IF(AG31>10,AG31/'02_Parameters'!$B$17,AG31)),"")) | AI31: =IF(B31<>"Sensor Snapshot","",IF(AG31="","Missing",IF(AG31<0,"Invalid negative flow",IF(AG31>10,"Normalized from high-scale log","Valid")))) | AJ31: =IF(B31<>"Sensor Snapshot","",--(L31="PUMPING")) | AK31: =IF(B31<>"Sensor Snapshot","",--(L31="HUMIDIFYING")) | AM31: =IF(B31<>"Sensor Snapshot","",--(OR(L31="FIRE_DETECTED",L31="BLOCKED"))) | AN31: =IF(B31<>"Sensor Snapshot","",--(N31>='02_Parameters'!$B$13)) | AO31: =IF(B31<>"Sensor Snapshot","",--(AND(L31="PUMPING",ISNUMBER(AH31),AH31<='02_Parameters'!$B$10))) | AQ31: =IF(B31="Calibration Trial",X31-AP31,"") | AR31: =IF(AND(B31="Calibration Trial",AP31<>0),AQ31/AP31*100,"") | AW31: Event standardized; original event preserved in raw-data sheet | AX31: =IF(B31<>"Sensor Snapshot","",IF(P31<>"",20,0)+IF(T31<>"",20,0)+IF(X31<>"",20,0)+IF(AB31<>"",20,0)+IF(AH31<>"",20,0)) | AY31: =IF(AX31="","",IF(AX31>=90,"A",IF(AX31>=75,"B",IF(AX31>=60,"C","D")))) | AZ31: Consistent with corrected README sequence
A32: REC-0030 | B32: Sensor Snapshot | C32: 59953 | D32: =IF(ISNUMBER(C32),C32/1000,"") -> 59.953 | E32: NORMAL | F32: 4 | G32: Integrated Monitoring | H32: MULTI_SENSOR | M32: =IF(L32="IDLE",0,IF(L32="FIRE_DETECTED",1,IF(L32="PUMPING",2,IF(L32="BLOCKED",3,IF(L32="HUMIDIFYING",4,IF(L32="STABLE",5,"")))))) | O32: 22.5 | P32: =IF(AND(ISNUMBER(O32),O32<>-1,O32>='02_Parameters'!$B$18,O32<='02_Parameters'!$B$19),O32,"") -> 22.5 | Q32: 22.5 | R32: =IF(B32<>"Sensor Snapshot","",IF(O32="","Missing",IF(O32=-1,"Sensor failure sentinel (-1)",IF(OR(O32<'02_Parameters'!$B$18,O32>'02_Parameters'!$B$19),"Out of accepted range","Valid")))) -> Valid | S32: 81 | T32: =IF(AND(ISNUMBER(S32),S32<>-1,S32>='02_Parameters'!$B$20,S32<='02_Parameters'!$B$21),S32,"") -> 81 | U32: 81 | V32: =IF(B32<>"Sensor Snapshot","",IF(S32="","Missing",IF(S32=-1,"Sensor failure sentinel (-1)",IF(OR(S32<'02_Parameters'!$B$20,S32>'02_Parameters'!$B$21),"Out of accepted range","Valid")))) -> Valid | W32: -2.3119 | X32: =IF(ISNUMBER(W32),ABS(W32),"") -> 2.3119 | Y32: =IF(B32="Calibration Trial","Calibration magnitude",IF(B32<>"Sensor Snapshot","",IF(W32="","Missing",IF(W32<0,"Sign corrected to positive","Valid")))) -> Sign corrected to positive | Z32: 865 | AB32: =IF(B32<>"Sensor Snapshot","",IF(ISNUMBER(AA32),--(AA32<>0),IF(ISNUMBER(Z32),--(Z32<'02_Parameters'!$B$15),""))) -> 0 | AC32: =IF(B32<>"Sensor Snapshot","",IF(ISNUMBER(X32),--(X32>='02_Parameters'!$B$16),"")) -> 0 | AD32: 0 | AE32: =IF(B32<>"Sensor Snapshot","",IF(AD32=1,1,IF(AND(AB32=1,AC32=1),1,0))) -> 0 | AF32: =IF(B32<>"Sensor Snapshot","",IF(AD32=1,"Logged dual-sensor event",IF(AE32=1,"Derived: optical AND weight",IF(OR(AB32=1,AC32=1),"Partial detection only","No detection")))) -> No detection | AG32: 0 | AH32: =IF(B32<>"Sensor Snapshot","",IF(ISNUMBER(AG32),IF(AG32<0,"",IF(AG32>10,AG32/'02_Parameters'!$B$17,AG32)),"")) -> 0 | AI32: =IF(B32<>"Sensor Snapshot","",IF(AG32="","Missing",IF(AG32<0,"Invalid negative flow",IF(AG32>10,"Normalized from high-scale log","Valid")))) -> Valid | AJ32: =IF(B32<>"Sensor Snapshot","",--(L32="PUMPING")) -> 0 | AK32: =IF(B32<>"Sensor Snapshot","",--(L32="HUMIDIFYING")) -> 0 | AM32: =IF(B32<>"Sensor Snapshot","",--(OR(L32="FIRE_DETECTED",L32="BLOCKED"))) -> 0 | AN32: =IF(B32<>"Sensor Snapshot","",--(N32>='02_Parameters'!$B$13)) -> 0 | AO32: =IF(B32<>"Sensor Snapshot","",--(AND(L32="PUMPING",ISNUMBER(AH32),AH32<='02_Parameters'!$B$10))) -> 0 | AQ32: =IF(B32="Calibration Trial",X32-AP32,"") | AR32: =IF(AND(B32="Calibration Trial",AP32<>0),AQ32/AP32*100,"") | AU32: mixed | AV32: snapshot | AW32: Load-cell sign corrected with absolute value | AX32: =IF(B32<>"Sensor Snapshot","",IF(P32<>"",20,0)+IF(T32<>"",20,0)+IF(X32<>"",20,0)+IF(AB32<>"",20,0)+IF(AH32<>"",20,0)) -> 100 | AY32: =IF(AX32="","",IF(AX32>=90,"A",IF(AX32>=75,"B",IF(AX32>=60,"C","D")))) -> A | AZ32: Corrected model: load cell treated only as entry-platform sensor | BA32: Grouped from five long-format sensor rows.
A33: REC-0031 | B33: System Event | C33: 60171 | D33: =IF(ISNUMBER(C33),C33/1000,"") -> 60.171 | E33: NORMAL | G33: Fire Protection | H33: FAN | I33: Fan ON | J33: fan on | M33: =IF(L33="IDLE",0,IF(L33="FIRE_DETECTED",1,IF(L33="PUMPING",2,IF(L33="BLOCKED",3,IF(L33="HUMIDIFYING",4,IF(L33="STABLE",5,"")))))) | P33: =IF(AND(ISNUMBER(O33),O33<>-1,O33>='02_Parameters'!$B$18,O33<='02_Parameters'!$B$19),O33,"") | R33: =IF(B33<>"Sensor Snapshot","",IF(O33="","Missing",IF(O33=-1,"Sensor failure sentinel (-1)",IF(OR(O33<'02_Parameters'!$B$18,O33>'02_Parameters'!$B$19),"Out of accepted range","Valid")))) | T33: =IF(AND(ISNUMBER(S33),S33<>-1,S33>='02_Parameters'!$B$20,S33<='02_Parameters'!$B$21),S33,"") | V33: =IF(B33<>"Sensor Snapshot","",IF(S33="","Missing",IF(S33=-1,"Sensor failure sentinel (-1)",IF(OR(S33<'02_Parameters'!$B$20,S33>'02_Parameters'!$B$21),"Out of accepted range","Valid")))) | X33: =IF(ISNUMBER(W33),ABS(W33),"") | Y33: =IF(B33="Calibration Trial","Calibration magnitude",IF(B33<>"Sensor Snapshot","",IF(W33="","Missing",IF(W33<0,"Sign corrected to positive","Valid")))) | AB33: =IF(B33<>"Sensor Snapshot","",IF(ISNUMBER(AA33),--(AA33<>0),IF(ISNUMBER(Z33),--(Z33<'02_Parameters'!$B$15),""))) | AC33: =IF(B33<>"Sensor Snapshot","",IF(ISNUMBER(X33),--(X33>='02_Parameters'!$B$16),"")) | AD33: 0 | AE33: =IF(B33<>"Sensor Snapshot","",IF(AD33=1,1,IF(AND(AB33=1,AC33=1),1,0))) | AF33: =IF(B33<>"Sensor Snapshot","",IF(AD33=1,"Logged dual-sensor event",IF(AE33=1,"Derived: optical AND weight",IF(OR(AB33=1,AC33=1),"Partial detection only","No detection")))) | AH33: =IF(B33<>"Sensor Snapshot","",IF(ISNUMBER(AG33),IF(AG33<0,"",IF(AG33>10,AG33/'02_Parameters'!$B$17,AG33)),"")) | AI33: =IF(B33<>"Sensor Snapshot","",IF(AG33="","Missing",IF(AG33<0,"Invalid negative flow",IF(AG33>10,"Normalized from high-scale log","Valid")))) | AJ33: =IF(B33<>"Sensor Snapshot","",--(L33="PUMPING")) | AK33: =IF(B33<>"Sensor Snapshot","",--(L33="HUMIDIFYING")) | AL33: 1 | AM33: =IF(B33<>"Sensor Snapshot","",--(OR(L33="FIRE_DETECTED",L33="BLOCKED"))) | AN33: =IF(B33<>"Sensor Snapshot","",--(N33>='02_Parameters'!$B$13)) | AO33: =IF(B33<>"Sensor Snapshot","",--(AND(L33="PUMPING",ISNUMBER(AH33),AH33<='02_Parameters'!$B$10))) | AQ33: =IF(B33="Calibration Trial",X33-AP33,"") | AR33: =IF(AND(B33="Calibration Trial",AP33<>0),AQ33/AP33*100,"") | AW33: Event standardized; original event preserved in raw-data sheet | AX33: =IF(B33<>"Sensor Snapshot","",IF(P33<>"",20,0)+IF(T33<>"",20,0)+IF(X33<>"",20,0)+IF(AB33<>"",20,0)+IF(AH33<>"",20,0)) | AY33: =IF(AX33="","",IF(AX33>=90,"A",IF(AX33>=75,"B",IF(AX33>=60,"C","D")))) | AZ33: Consistent with corrected README sequence
A34: REC-0032 | B34: System Event | C34: 60223 | D34: =IF(ISNUMBER(C34),C34/1000,"") -> 60.223 | E34: NORMAL | G34: Fire Protection | H34: FIRE | I34: Fire Detected | J34: fire detected | M34: =IF(L34="IDLE",0,IF(L34="FIRE_DETECTED",1,IF(L34="PUMPING",2,IF(L34="BLOCKED",3,IF(L34="HUMIDIFYING",4,IF(L34="STABLE",5,"")))))) | P34: =IF(AND(ISNUMBER(O34),O34<>-1,O34>='02_Parameters'!$B$18,O34<='02_Parameters'!$B$19),O34,"") | R34: =IF(B34<>"Sensor Snapshot","",IF(O34="","Missing",IF(O34=-1,"Sensor failure sentinel (-1)",IF(OR(O34<'02_Parameters'!$B$18,O34>'02_Parameters'!$B$19),"Out of accepted range","Valid")))) | T34: =IF(AND(ISNUMBER(S34),S34<>-1,S34>='02_Parameters'!$B$20,S34<='02_Parameters'!$B$21),S34,"") | V34: =IF(B34<>"Sensor Snapshot","",IF(S34="","Missing",IF(S34=-1,"Sensor failure sentinel (-1)",IF(OR(S34<'02_Parameters'!$B$20,S34>'02_Parameters'!$B$21),"Out of accepted range","Valid")))) | X34: =IF(ISNUMBER(W34),ABS(W34),"") | Y34: =IF(B34="Calibration Trial","Calibration magnitude",IF(B34<>"Sensor Snapshot","",IF(W34="","Missing",IF(W34<0,"Sign corrected to positive","Valid")))) | AB34: =IF(B34<>"Sensor Snapshot","",IF(ISNUMBER(AA34),--(AA34<>0),IF(ISNUMBER(Z34),--(Z34<'02_Parameters'!$B$15),""))) | AC34: =IF(B34<>"Sensor Snapshot","",IF(ISNUMBER(X34),--(X34>='02_Parameters'!$B$16),"")) | AD34: 0 | AE34: =IF(B34<>"Sensor Snapshot","",IF(AD34=1,1,IF(AND(AB34=1,AC34=1),1,0))) | AF34: =IF(B34<>"Sensor Snapshot","",IF(AD34=1,"Logged dual-sensor event",IF(AE34=1,"Derived: optical AND weight",IF(OR(AB34=1,AC34=1),"Partial detection only","No detection")))) | AH34: =IF(B34<>"Sensor Snapshot","",IF(ISNUMBER(AG34),IF(AG34<0,"",IF(AG34>10,AG34/'02_Parameters'!$B$17,AG34)),"")) | AI34: =IF(B34<>"Sensor Snapshot","",IF(AG34="","Missing",IF(AG34<0,"Invalid negative flow",IF(AG34>10,"Normalized from high-scale log","Valid")))) | AJ34: =IF(B34<>"Sensor Snapshot","",--(L34="PUMPING")) | AK34: =IF(B34<>"Sensor Snapshot","",--(L34="HUMIDIFYING")) | AM34: =IF(B34<>"Sensor Snapshot","",--(OR(L34="FIRE_DETECTED",L34="BLOCKED"))) | AN34: =IF(B34<>"Sensor Snapshot","",--(N34>='02_Parameters'!$B$13)) | AO34: =IF(B34<>"Sensor Snapshot","",--(AND(L34="PUMPING",ISNUMBER(AH34),AH34<='02_Parameters'!$B$10))) | AQ34: =IF(B34="Calibration Trial",X34-AP34,"") | AR34: =IF(AND(B34="Calibration Trial",AP34<>0),AQ34/AP34*100,"") | AW34: Event standardized; original event preserved in raw-data sheet | AX34: =IF(B34<>"Sensor Snapshot","",IF(P34<>"",20,0)+IF(T34<>"",20,0)+IF(X34<>"",20,0)+IF(AB34<>"",20,0)+IF(AH34<>"",20,0)) | AY34: =IF(AX34="","",IF(AX34>=90,"A",IF(AX34>=75,"B",IF(AX34>=60,"C","D")))) | AZ34: Consistent with corrected README sequence
A35: REC-0033 | B35: System Event | C35: 60258 | D35: =IF(ISNUMBER(C35),C35/1000,"") -> 60.258 | E35: NORMAL | G35: Entry Security | H35: SECURITY | I35: Legacy Proximity Trigger | J35: proximity detected | M35: =IF(L35="IDLE",0,IF(L35="FIRE_DETECTED",1,IF(L35="PUMPING",2,IF(L35="BLOCKED",3,IF(L35="HUMIDIFYING",4,IF(L35="STABLE",5,"")))))) | P35: =IF(AND(ISNUMBER(O35),O35<>-1,O35>='02_Parameters'!$B$18,O35<='02_Parameters'!$B$19),O35,"") | R35: =IF(B35<>"Sensor Snapshot","",IF(O35="","Missing",IF(O35=-1,"Sensor failure sentinel (-1)",IF(OR(O35<'02_Parameters'!$B$18,O35>'02_Parameters'!$B$19),"Out of accepted range","Valid")))) | T35: =IF(AND(ISNUMBER(S35),S35<>-1,S35>='02_Parameters'!$B$20,S35<='02_Parameters'!$B$21),S35,"") | V35: =IF(B35<>"Sensor Snapshot","",IF(S35="","Missing",IF(S35=-1,"Sensor failure sentinel (-1)",IF(OR(S35<'02_Parameters'!$B$20,S35>'02_Parameters'!$B$21),"Out of accepted range","Valid")))) | X35: =IF(ISNUMBER(W35),ABS(W35),"") | Y35: =IF(B35="Calibration Trial","Calibration magnitude",IF(B35<>"Sensor Snapshot","",IF(W35="","Missing",IF(W35<0,"Sign corrected to positive","Valid")))) | AB35: =IF(B35<>"Sensor Snapshot","",IF(ISNUMBER(AA35),--(AA35<>0),IF(ISNUMBER(Z35),--(Z35<'02_Parameters'!$B$15),""))) | AC35: =IF(B35<>"Sensor Snapshot","",IF(ISNUMBER(X35),--(X35>='02_Parameters'!$B$16),"")) | AD35: 0 | AE35: =IF(B35<>"Sensor Snapshot","",IF(AD35=1,1,IF(AND(AB35=1,AC35=1),1,0))) | AF35: =IF(B35<>"Sensor Snapshot","",IF(AD35=1,"Logged dual-sensor event",IF(AE35=1,"Derived: optical AND weight",IF(OR(AB35=1,AC35=1),"Partial detection only","No detection")))) | AH35: =IF(B35<>"Sensor Snapshot","",IF(ISNUMBER(AG35),IF(AG35<0,"",IF(AG35>10,AG35/'02_Parameters'!$B$17,AG35)),"")) | AI35: =IF(B35<>"Sensor Snapshot","",IF(AG35="","Missing",IF(AG35<0,"Invalid negative flow",IF(AG35>10,"Normalized from high-scale log","Valid")))) | AJ35: =IF(B35<>"Sensor Snapshot","",--(L35="PUMPING")) | AK35: =IF(B35<>"Sensor Snapshot","",--(L35="HUMIDIFYING")) | AM35: =IF(B35<>"Sensor Snapshot","",--(OR(L35="FIRE_DETECTED",L35="BLOCKED"))) | AN35: =IF(B35<>"Sensor Snapshot","",--(N35>='02_Parameters'!$B$13)) | AO35: =IF(B35<>"Sensor Snapshot","",--(AND(L35="PUMPING",ISNUMBER(AH35),AH35<='02_Parameters'!$B$10))) | AQ35: =IF(B35="Calibration Trial",X35-AP35,"") | AR35: =IF(AND(B35="Calibration Trial",AP35<>0),AQ35/AP35*100,"") | AW35: Event standardized; original event preserved in raw-data sheet | AX35: =IF(B35<>"Sensor Snapshot","",IF(P35<>"",20,0)+IF(T35<>"",20,0)+IF(X35<>"",20,0)+IF(AB35<>"",20,0)+IF(AH35<>"",20,0)) | AY35: =IF(AX35="","",IF(AX35>=90,"A",IF(AX35>=75,"B",IF(AX35>=60,"C","D")))) | AZ35: Legacy optical-only label; corrected README requires optical AND load-cell confirmation
A36: REC-0034 | B36: System Event | C36: 60327 | D36: =IF(ISNUMBER(C36),C36/1000,"") -> 60.327 | E36: NORMAL | G36: Entry Security | H36: SECURITY | I36: PIN Entry Started | J36: password started | M36: =IF(L36="IDLE",0,IF(L36="FIRE_DETECTED",1,IF(L36="PUMPING",2,IF(L36="BLOCKED",3,IF(L36="HUMIDIFYING",4,IF(L36="STABLE",5,"")))))) | P36: =IF(AND(ISNUMBER(O36),O36<>-1,O36>='02_Parameters'!$B$18,O36<='02_Parameters'!$B$19),O36,"") | R36: =IF(B36<>"Sensor Snapshot","",IF(O36="","Missing",IF(O36=-1,"Sensor failure sentinel (-1)",IF(OR(O36<'02_Parameters'!$B$18,O36>'02_Parameters'!$B$19),"Out of accepted range","Valid")))) | T36: =IF(AND(ISNUMBER(S36),S36<>-1,S36>='02_Parameters'!$B$20,S36<='02_Parameters'!$B$21),S36,"") | V36: =IF(B36<>"Sensor Snapshot","",IF(S36="","Missing",IF(S36=-1,"Sensor failure sentinel (-1)",IF(OR(S36<'02_Parameters'!$B$20,S36>'02_Parameters'!$B$21),"Out of accepted range","Valid")))) | X36: =IF(ISNUMBER(W36),ABS(W36),"") | Y36: =IF(B36="Calibration Trial","Calibration magnitude",IF(B36<>"Sensor Snapshot","",IF(W36="","Missing",IF(W36<0,"Sign corrected to positive","Valid")))) | AB36: =IF(B36<>"Sensor Snapshot","",IF(ISNUMBER(AA36),--(AA36<>0),IF(ISNUMBER(Z36),--(Z36<'02_Parameters'!$B$15),""))) | AC36: =IF(B36<>"Sensor Snapshot","",IF(ISNUMBER(X36),--(X36>='02_Parameters'!$B$16),"")) | AD36: 0 | AE36: =IF(B36<>"Sensor Snapshot","",IF(AD36=1,1,IF(AND(AB36=1,AC36=1),1,0))) | AF36: =IF(B36<>"Sensor Snapshot","",IF(AD36=1,"Logged dual-sensor event",IF(AE36=1,"Derived: optical AND weight",IF(OR(AB36=1,AC36=1),"Partial detection only","No detection")))) | AH36: =IF(B36<>"Sensor Snapshot","",IF(ISNUMBER(AG36),IF(AG36<0,"",IF(AG36>10,AG36/'02_Parameters'!$B$17,AG36)),"")) | AI36: =IF(B36<>"Sensor Snapshot","",IF(AG36="","Missing",IF(AG36<0,"Invalid negative flow",IF(AG36>10,"Normalized from high-scale log","Valid")))) | AJ36: =IF(B36<>"Sensor Snapshot","",--(L36="PUMPING")) | AK36: =IF(B36<>"Sensor Snapshot","",--(L36="HUMIDIFYING")) | AM36: =IF(B36<>"Sensor Snapshot","",--(OR(L36="FIRE_DETECTED",L36="BLOCKED"))) | AN36: =IF(B36<>"Sensor Snapshot","",--(N36>='02_Parameters'!$B$13)) | AO36: =IF(B36<>"Sensor Snapshot","",--(AND(L36="PUMPING",ISNUMBER(AH36),AH36<='02_Parameters'!$B$10))) | AQ36: =IF(B36="Calibration Trial",X36-AP36,"") | AR36: =IF(AND(B36="Calibration Trial",AP36<>0),AQ36/AP36*100,"") | AW36: Event standardized; original event preserved in raw-data sheet | AX36: =IF(B36<>"Sensor Snapshot","",IF(P36<>"",20,0)+IF(T36<>"",20,0)+IF(X36<>"",20,0)+IF(AB36<>"",20,0)+IF(AH36<>"",20,0)) | AY36: =IF(AX36="","",IF(AX36>=90,"A",IF(AX36>=75,"B",IF(AX36>=60,"C","D")))) | AZ36: Consistent with corrected README sequence
A37: REC-0035 | B37: System Event | C37: 70537 | D37: =IF(ISNUMBER(C37),C37/1000,"") -> 70.537 | E37: NORMAL | G37: Entry Security | H37: SECURITY | I37: Password Correct | J37: password correct | M37: =IF(L37="IDLE",0,IF(L37="FIRE_DETECTED",1,IF(L37="PUMPING",2,IF(L37="BLOCKED",3,IF(L37="HUMIDIFYING",4,IF(L37="STABLE",5,"")))))) | P37: =IF(AND(ISNUMBER(O37),O37<>-1,O37>='02_Parameters'!$B$18,O37<='02_Parameters'!$B$19),O37,"") | R37: =IF(B37<>"Sensor Snapshot","",IF(O37="","Missing",IF(O37=-1,"Sensor failure sentinel (-1)",IF(OR(O37<'02_Parameters'!$B$18,O37>'02_Parameters'!$B$19),"Out of accepted range","Valid")))) | T37: =IF(AND(ISNUMBER(S37),S37<>-1,S37>='02_Parameters'!$B$20,S37<='02_Parameters'!$B$21),S37,"") | V37: =IF(B37<>"Sensor Snapshot","",IF(S37="","Missing",IF(S37=-1,"Sensor failure sentinel (-1)",IF(OR(S37<'02_Parameters'!$B$20,S37>'02_Parameters'!$B$21),"Out of accepted range","Valid")))) | X37: =IF(ISNUMBER(W37),ABS(W37),"") | Y37: =IF(B37="Calibration Trial","Calibration magnitude",IF(B37<>"Sensor Snapshot","",IF(W37="","Missing",IF(W37<0,"Sign corrected to positive","Valid")))) | AB37: =IF(B37<>"Sensor Snapshot","",IF(ISNUMBER(AA37),--(AA37<>0),IF(ISNUMBER(Z37),--(Z37<'02_Parameters'!$B$15),""))) | AC37: =IF(B37<>"Sensor Snapshot","",IF(ISNUMBER(X37),--(X37>='02_Parameters'!$B$16),"")) | AD37: 0 | AE37: =IF(B37<>"Sensor Snapshot","",IF(AD37=1,1,IF(AND(AB37=1,AC37=1),1,0))) | AF37: =IF(B37<>"Sensor Snapshot","",IF(AD37=1,"Logged dual-sensor event",IF(AE37=1,"Derived: optical AND weight",IF(OR(AB37=1,AC37=1),"Partial detection only","No detection")))) | AH37: =IF(B37<>"Sensor Snapshot","",IF(ISNUMBER(AG37),IF(AG37<0,"",IF(AG37>10,AG37/'02_Parameters'!$B$17,AG37)),"")) | AI37: =IF(B37<>"Sensor Snapshot","",IF(AG37="","Missing",IF(AG37<0,"Invalid negative flow",IF(AG37>10,"Normalized from high-scale log","Valid")))) | AJ37: =IF(B37<>"Sensor Snapshot","",--(L37="PUMPING")) | AK37: =IF(B37<>"Sensor Snapshot","",--(L37="HUMIDIFYING")) | AM37: =IF(B37<>"Sensor Snapshot","",--(OR(L37="FIRE_DETECTED",L37="BLOCKED"))) | AN37: =IF(B37<>"Sensor Snapshot","",--(N37>='02_Parameters'!$B$13)) | AO37: =IF(B37<>"Sensor Snapshot","",--(AND(L37="PUMPING",ISNUMBER(AH37),AH37<='02_Parameters'!$B$10))) | AQ37: =IF(B37="Calibration Trial",X37-AP37,"") | AR37: =IF(AND(B37="Calibration Trial",AP37<>0),AQ37/AP37*100,"") | AW37: Event standardized; original event preserved in raw-data sheet | AX37: =IF(B37<>"Sensor Snapshot","",IF(P37<>"",20,0)+IF(T37<>"",20,0)+IF(X37<>"",20,0)+IF(AB37<>"",20,0)+IF(AH37<>"",20,0)) | AY37: =IF(AX37="","",IF(AX37>=90,"A",IF(AX37>=75,"B",IF(AX37>=60,"C","D")))) | AZ37: Consistent with corrected README sequence
A38: REC-0036 | B38: System Event | C38: 70549 | D38: =IF(ISNUMBER(C38),C38/1000,"") -> 70.549 | E38: NORMAL | G38: Entry Security | H38: SECURITY | I38: Door Opened | J38: door opened | M38: =IF(L38="IDLE",0,IF(L38="FIRE_DETECTED",1,IF(L38="PUMPING",2,IF(L38="BLOCKED",3,IF(L38="HUMIDIFYING",4,IF(L38="STABLE",5,"")))))) | P38: =IF(AND(ISNUMBER(O38),O38<>-1,O38>='02_Parameters'!$B$18,O38<='02_Parameters'!$B$19),O38,"") | R38: =IF(B38<>"Sensor Snapshot","",IF(O38="","Missing",IF(O38=-1,"Sensor failure sentinel (-1)",IF(OR(O38<'02_Parameters'!$B$18,O38>'02_Parameters'!$B$19),"Out of accepted range","Valid")))) | T38: =IF(AND(ISNUMBER(S38),S38<>-1,S38>='02_Parameters'!$B$20,S38<='02_Parameters'!$B$21),S38,"") | V38: =IF(B38<>"Sensor Snapshot","",IF(S38="","Missing",IF(S38=-1,"Sensor failure sentinel (-1)",IF(OR(S38<'02_Parameters'!$B$20,S38>'02_Parameters'!$B$21),"Out of accepted range","Valid")))) | X38: =IF(ISNUMBER(W38),ABS(W38),"") | Y38: =IF(B38="Calibration Trial","Calibration magnitude",IF(B38<>"Sensor Snapshot","",IF(W38="","Missing",IF(W38<0,"Sign corrected to positive","Valid")))) | AB38: =IF(B38<>"Sensor Snapshot","",IF(ISNUMBER(AA38),--(AA38<>0),IF(ISNUMBER(Z38),--(Z38<'02_Parameters'!$B$15),""))) | AC38: =IF(B38<>"Sensor Snapshot","",IF(ISNUMBER(X38),--(X38>='02_Parameters'!$B$16),"")) | AD38: 0 | AE38: =IF(B38<>"Sensor Snapshot","",IF(AD38=1,1,IF(AND(AB38=1,AC38=1),1,0))) | AF38: =IF(B38<>"Sensor Snapshot","",IF(AD38=1,"Logged dual-sensor event",IF(AE38=1,"Derived: optical AND weight",IF(OR(AB38=1,AC38=1),"Partial detection only","No detection")))) | AH38: =IF(B38<>"Sensor Snapshot","",IF(ISNUMBER(AG38),IF(AG38<0,"",IF(AG38>10,AG38/'02_Parameters'!$B$17,AG38)),"")) | AI38: =IF(B38<>"Sensor Snapshot","",IF(AG38="","Missing",IF(AG38<0,"Invalid negative flow",IF(AG38>10,"Normalized from high-scale log","Valid")))) | AJ38: =IF(B38<>"Sensor Snapshot","",--(L38="PUMPING")) | AK38: =IF(B38<>"Sensor Snapshot","",--(L38="HUMIDIFYING")) | AM38: =IF(B38<>"Sensor Snapshot","",--(OR(L38="FIRE_DETECTED",L38="BLOCKED"))) | AN38: =IF(B38<>"Sensor Snapshot","",--(N38>='02_Parameters'!$B$13)) | AO38: =IF(B38<>"Sensor Snapshot","",--(AND(L38="PUMPING",ISNUMBER(AH38),AH38<='02_Parameters'!$B$10))) | AQ38: =IF(B38="Calibration Trial",X38-AP38,"") | AR38: =IF(AND(B38="Calibration Trial",AP38<>0),AQ38/AP38*100,"") | AW38: Event standardized; original event preserved in raw-data sheet | AX38: =IF(B38<>"Sensor Snapshot","",IF(P38<>"",20,0)+IF(T38<>"",20,0)+IF(X38<>"",20,0)+IF(AB38<>"",20,0)+IF(AH38<>"",20,0)) | AY38: =IF(AX38="","",IF(AX38>=90,"A",IF(AX38>=75,"B",IF(AX38>=60,"C","D")))) | AZ38: Consistent with corrected README sequence
A39: REC-0037 | B39: System Event | C39: 75574 | D39: =IF(ISNUMBER(C39),C39/1000,"") -> 75.574 | E39: NORMAL | G39: Entry Security | H39: SECURITY | I39: Door Closed | J39: door closed | M39: =IF(L39="IDLE",0,IF(L39="FIRE_DETECTED",1,IF(L39="PUMPING",2,IF(L39="BLOCKED",3,IF(L39="HUMIDIFYING",4,IF(L39="STABLE",5,"")))))) | P39: =IF(AND(ISNUMBER(O39),O39<>-1,O39>='02_Parameters'!$B$18,O39<='02_Parameters'!$B$19),O39,"") | R39: =IF(B39<>"Sensor Snapshot","",IF(O39="","Missing",IF(O39=-1,"Sensor failure sentinel (-1)",IF(OR(O39<'02_Parameters'!$B$18,O39>'02_Parameters'!$B$19),"Out of accepted range","Valid")))) | T39: =IF(AND(ISNUMBER(S39),S39<>-1,S39>='02_Parameters'!$B$20,S39<='02_Parameters'!$B$21),S39,"") | V39: =IF(B39<>"Sensor Snapshot","",IF(S39="","Missing",IF(S39=-1,"Sensor failure sentinel (-1)",IF(OR(S39<'02_Parameters'!$B$20,S39>'02_Parameters'!$B$21),"Out of accepted range","Valid")))) | X39: =IF(ISNUMBER(W39),ABS(W39),"") | Y39: =IF(B39="Calibration Trial","Calibration magnitude",IF(B39<>"Sensor Snapshot","",IF(W39="","Missing",IF(W39<0,"Sign corrected to positive","Valid")))) | AB39: =IF(B39<>"Sensor Snapshot","",IF(ISNUMBER(AA39),--(AA39<>0),IF(ISNUMBER(Z39),--(Z39<'02_Parameters'!$B$15),""))) | AC39: =IF(B39<>"Sensor Snapshot","",IF(ISNUMBER(X39),--(X39>='02_Parameters'!$B$16),"")) | AD39: 0 | AE39: =IF(B39<>"Sensor Snapshot","",IF(AD39=1,1,IF(AND(AB39=1,AC39=1),1,0))) | AF39: =IF(B39<>"Sensor Snapshot","",IF(AD39=1,"Logged dual-sensor event",IF(AE39=1,"Derived: optical AND weight",IF(OR(AB39=1,AC39=1),"Partial detection only","No detection")))) | AH39: =IF(B39<>"Sensor Snapshot","",IF(ISNUMBER(AG39),IF(AG39<0,"",IF(AG39>10,AG39/'02_Parameters'!$B$17,AG39)),"")) | AI39: =IF(B39<>"Sensor Snapshot","",IF(AG39="","Missing",IF(AG39<0,"Invalid negative flow",IF(AG39>10,"Normalized from high-scale log","Valid")))) | AJ39: =IF(B39<>"Sensor Snapshot","",--(L39="PUMPING")) | AK39: =IF(B39<>"Sensor Snapshot","",--(L39="HUMIDIFYING")) | AM39: =IF(B39<>"Sensor Snapshot","",--(OR(L39="FIRE_DETECTED",L39="BLOCKED"))) | AN39: =IF(B39<>"Sensor Snapshot","",--(N39>='02_Parameters'!$B$13)) | AO39: =IF(B39<>"Sensor Snapshot","",--(AND(L39="PUMPING",ISNUMBER(AH39),AH39<='02_Parameters'!$B$10))) | AQ39: =IF(B39="Calibration Trial",X39-AP39,"") | AR39: =IF(AND(B39="Calibration Trial",AP39<>0),AQ39/AP39*100,"") | AW39: Event standardized; original event preserved in raw-data sheet | AX39: =IF(B39<>"Sensor Snapshot","",IF(P39<>"",20,0)+IF(T39<>"",20,0)+IF(X39<>"",20,0)+IF(AB39<>"",20,0)+IF(AH39<>"",20,0)) | AY39: =IF(AX39="","",IF(AX39>=90,"A",IF(AX39>=75,"B",IF(AX39>=60,"C","D")))) | AZ39: Consistent with corrected README sequence
A40: REC-0038 | B40: Sensor Snapshot | C40: 75777 | D40: =IF(ISNUMBER(C40),C40/1000,"") -> 75.777 | E40: NORMAL | F40: 5 | G40: Integrated Monitoring | H40: MULTI_SENSOR | M40: =IF(L40="IDLE",0,IF(L40="FIRE_DETECTED",1,IF(L40="PUMPING",2,IF(L40="BLOCKED",3,IF(L40="HUMIDIFYING",4,IF(L40="STABLE",5,"")))))) | O40: 23.2 | P40: =IF(AND(ISNUMBER(O40),O40<>-1,O40>='02_Parameters'!$B$18,O40<='02_Parameters'!$B$19),O40,"") -> 23.2 | Q40: 23.2 | R40: =IF(B40<>"Sensor Snapshot","",IF(O40="","Missing",IF(O40=-1,"Sensor failure sentinel (-1)",IF(OR(O40<'02_Parameters'!$B$18,O40>'02_Parameters'!$B$19),"Out of accepted range","Valid")))) -> Valid | S40: 86.4 | T40: =IF(AND(ISNUMBER(S40),S40<>-1,S40>='02_Parameters'!$B$20,S40<='02_Parameters'!$B$21),S40,"") -> 86.4 | U40: 86.4 | V40: =IF(B40<>"Sensor Snapshot","",IF(S40="","Missing",IF(S40=-1,"Sensor failure sentinel (-1)",IF(OR(S40<'02_Parameters'!$B$20,S40>'02_Parameters'!$B$21),"Out of accepted range","Valid")))) -> Valid | W40: -1.5714 | X40: =IF(ISNUMBER(W40),ABS(W40),"") -> 1.5714 | Y40: =IF(B40="Calibration Trial","Calibration magnitude",IF(B40<>"Sensor Snapshot","",IF(W40="","Missing",IF(W40<0,"Sign corrected to positive","Valid")))) -> Sign corrected to positive | Z40: 820 | AB40: =IF(B40<>"Sensor Snapshot","",IF(ISNUMBER(AA40),--(AA40<>0),IF(ISNUMBER(Z40),--(Z40<'02_Parameters'!$B$15),""))) -> 0 | AC40: =IF(B40<>"Sensor Snapshot","",IF(ISNUMBER(X40),--(X40>='02_Parameters'!$B$16),"")) -> 0 | AD40: 0 | AE40: =IF(B40<>"Sensor Snapshot","",IF(AD40=1,1,IF(AND(AB40=1,AC40=1),1,0))) -> 0 | AF40: =IF(B40<>"Sensor Snapshot","",IF(AD40=1,"Logged dual-sensor event",IF(AE40=1,"Derived: optical AND weight",IF(OR(AB40=1,AC40=1),"Partial detection only","No detection")))) -> No detection | AG40: 0 | AH40: =IF(B40<>"Sensor Snapshot","",IF(ISNUMBER(AG40),IF(AG40<0,"",IF(AG40>10,AG40/'02_Parameters'!$B$17,AG40)),"")) -> 0 | AI40: =IF(B40<>"Sensor Snapshot","",IF(AG40="","Missing",IF(AG40<0,"Invalid negative flow",IF(AG40>10,"Normalized from high-scale log","Valid")))) -> Valid | AJ40: =IF(B40<>"Sensor Snapshot","",--(L40="PUMPING")) -> 0 | AK40: =IF(B40<>"Sensor Snapshot","",--(L40="HUMIDIFYING")) -> 0 | AM40: =IF(B40<>"Sensor Snapshot","",--(OR(L40="FIRE_DETECTED",L40="BLOCKED"))) -> 0 | AN40: =IF(B40<>"Sensor Snapshot","",--(N40>='02_Parameters'!$B$13)) -> 0 | AO40: =IF(B40<>"Sensor Snapshot","",--(AND(L40="PUMPING",ISNUMBER(AH40),AH40<='02_Parameters'!$B$10))) -> 0 | AQ40: =IF(B40="Calibration Trial",X40-AP40,"") | AR40: =IF(AND(B40="Calibration Trial",AP40<>0),AQ40/AP40*100,"") | AU40: mixed | AV40: snapshot | AW40: Load-cell sign corrected with absolute value | AX40: =IF(B40<>"Sensor Snapshot","",IF(P40<>"",20,0)+IF(T40<>"",20,0)+IF(X40<>"",20,0)+IF(AB40<>"",20,0)+IF(AH40<>"",20,0)) -> 100 | AY40: =IF(AX40="","",IF(AX40>=90,"A",IF(AX40>=75,"B",IF(AX40>=60,"C","D")))) -> A | AZ40: Corrected model: load cell treated only as entry-platform sensor | BA40: Grouped from five long-format sensor rows.
A41: REC-0039 | B41: System Event | C41: 75995 | D41: =IF(ISNUMBER(C41),C41/1000,"") -> 75.995 | E41: NORMAL | G41: Fire Protection | H41: FIRE | I41: Pump On | J41: pump on | M41: =IF(L41="IDLE",0,IF(L41="FIRE_DETECTED",1,IF(L41="PUMPING",2,IF(L41="BLOCKED",3,IF(L41="HUMIDIFYING",4,IF(L41="STABLE",5,"")))))) | P41: =IF(AND(ISNUMBER(O41),O41<>-1,O41>='02_Parameters'!$B$18,O41<='02_Parameters'!$B$19),O41,"") | R41: =IF(B41<>"Sensor Snapshot","",IF(O41="","Missing",IF(O41=-1,"Sensor failure sentinel (-1)",IF(OR(O41<'02_Parameters'!$B$18,O41>'02_Parameters'!$B$19),"Out of accepted range","Valid")))) | T41: =IF(AND(ISNUMBER(S41),S41<>-1,S41>='02_Parameters'!$B$20,S41<='02_Parameters'!$B$21),S41,"") | V41: =IF(B41<>"Sensor Snapshot","",IF(S41="","Missing",IF(S41=-1,"Sensor failure sentinel (-1)",IF(OR(S41<'02_Parameters'!$B$20,S41>'02_Parameters'!$B$21),"Out of accepted range","Valid")))) | X41: =IF(ISNUMBER(W41),ABS(W41),"") | Y41: =IF(B41="Calibration Trial","Calibration magnitude",IF(B41<>"Sensor Snapshot","",IF(W41="","Missing",IF(W41<0,"Sign corrected to positive","Valid")))) | AB41: =IF(B41<>"Sensor Snapshot","",IF(ISNUMBER(AA41),--(AA41<>0),IF(ISNUMBER(Z41),--(Z41<'02_Parameters'!$B$15),""))) | AC41: =IF(B41<>"Sensor Snapshot","",IF(ISNUMBER(X41),--(X41>='02_Parameters'!$B$16),"")) | AD41: 0 | AE41: =IF(B41<>"Sensor Snapshot","",IF(AD41=1,1,IF(AND(AB41=1,AC41=1),1,0))) | AF41: =IF(B41<>"Sensor Snapshot","",IF(AD41=1,"Logged dual-sensor event",IF(AE41=1,"Derived: optical AND weight",IF(OR(AB41=1,AC41=1),"Partial detection only","No detection")))) | AH41: =IF(B41<>"Sensor Snapshot","",IF(ISNUMBER(AG41),IF(AG41<0,"",IF(AG41>10,AG41/'02_Parameters'!$B$17,AG41)),"")) | AI41: =IF(B41<>"Sensor Snapshot","",IF(AG41="","Missing",IF(AG41<0,"Invalid negative flow",IF(AG41>10,"Normalized from high-scale log","Valid")))) | AJ41: =IF(B41<>"Sensor Snapshot","",--(L41="PUMPING")) | AK41: =IF(B41<>"Sensor Snapshot","",--(L41="HUMIDIFYING")) | AM41: =IF(B41<>"Sensor Snapshot","",--(OR(L41="FIRE_DETECTED",L41="BLOCKED"))) | AN41: =IF(B41<>"Sensor Snapshot","",--(N41>='02_Parameters'!$B$13)) | AO41: =IF(B41<>"Sensor Snapshot","",--(AND(L41="PUMPING",ISNUMBER(AH41),AH41<='02_Parameters'!$B$10))) | AQ41: =IF(B41="Calibration Trial",X41-AP41,"") | AR41: =IF(AND(B41="Calibration Trial",AP41<>0),AQ41/AP41*100,"") | AW41: Event standardized; original event preserved in raw-data sheet | AX41: =IF(B41<>"Sensor Snapshot","",IF(P41<>"",20,0)+IF(T41<>"",20,0)+IF(X41<>"",20,0)+IF(AB41<>"",20,0)+IF(AH41<>"",20,0)) | AY41: =IF(AX41="","",IF(AX41>=90,"A",IF(AX41>=75,"B",IF(AX41>=60,"C","D")))) | AZ41: Consistent with corrected README sequence
A42: REC-0040 | B42: System Event | C42: 76036 | D42: =IF(ISNUMBER(C42),C42/1000,"") -> 76.036 | E42: NORMAL | G42: Entry Security | H42: SECURITY | I42: Legacy Proximity Trigger | J42: proximity detected | M42: =IF(L42="IDLE",0,IF(L42="FIRE_DETECTED",1,IF(L42="PUMPING",2,IF(L42="BLOCKED",3,IF(L42="HUMIDIFYING",4,IF(L42="STABLE",5,"")))))) | P42: =IF(AND(ISNUMBER(O42),O42<>-1,O42>='02_Parameters'!$B$18,O42<='02_Parameters'!$B$19),O42,"") | R42: =IF(B42<>"Sensor Snapshot","",IF(O42="","Missing",IF(O42=-1,"Sensor failure sentinel (-1)",IF(OR(O42<'02_Parameters'!$B$18,O42>'02_Parameters'!$B$19),"Out of accepted range","Valid")))) | T42: =IF(AND(ISNUMBER(S42),S42<>-1,S42>='02_Parameters'!$B$20,S42<='02_Parameters'!$B$21),S42,"") | V42: =IF(B42<>"Sensor Snapshot","",IF(S42="","Missing",IF(S42=-1,"Sensor failure sentinel (-1)",IF(OR(S42<'02_Parameters'!$B$20,S42>'02_Parameters'!$B$21),"Out of accepted range","Valid")))) | X42: =IF(ISNUMBER(W42),ABS(W42),"") | Y42: =IF(B42="Calibration Trial","Calibration magnitude",IF(B42<>"Sensor Snapshot","",IF(W42="","Missing",IF(W42<0,"Sign corrected to positive","Valid")))) | AB42: =IF(B42<>"Sensor Snapshot","",IF(ISNUMBER(AA42),--(AA42<>0),IF(ISNUMBER(Z42),--(Z42<'02_Parameters'!$B$15),""))) | AC42: =IF(B42<>"Sensor Snapshot","",IF(ISNUMBER(X42),--(X42>='02_Parameters'!$B$16),"")) | AD42: 0 | AE42: =IF(B42<>"Sensor Snapshot","",IF(AD42=1,1,IF(AND(AB42=1,AC42=1),1,0))) | AF42: =IF(B42<>"Sensor Snapshot","",IF(AD42=1,"Logged dual-sensor event",IF(AE42=1,"Derived: optical AND weight",IF(OR(AB42=1,AC42=1),"Partial detection only","No detection")))) | AH42: =IF(B42<>"Sensor Snapshot","",IF(ISNUMBER(AG42),IF(AG42<0,"",IF(AG42>10,AG42/'02_Parameters'!$B$17,AG42)),"")) | AI42: =IF(B42<>"Sensor Snapshot","",IF(AG42="","Missing",IF(AG42<0,"Invalid negative flow",IF(AG42>10,"Normalized from high-scale log","Valid")))) | AJ42: =IF(B42<>"Sensor Snapshot","",--(L42="PUMPING")) | AK42: =IF(B42<>"Sensor Snapshot","",--(L42="HUMIDIFYING")) | AM42: =IF(B42<>"Sensor Snapshot","",--(OR(L42="FIRE_DETECTED",L42="BLOCKED"))) | AN42: =IF(B42<>"Sensor Snapshot","",--(N42>='02_Parameters'!$B$13)) | AO42: =IF(B42<>"Sensor Snapshot","",--(AND(L42="PUMPING",ISNUMBER(AH42),AH42<='02_Parameters'!$B$10))) | AQ42: =IF(B42="Calibration Trial",X42-AP42,"") | AR42: =IF(AND(B42="Calibration Trial",AP42<>0),AQ42/AP42*100,"") | AW42: Event standardized; original event preserved in raw-data sheet | AX42: =IF(B42<>"Sensor Snapshot","",IF(P42<>"",20,0)+IF(T42<>"",20,0)+IF(X42<>"",20,0)+IF(AB42<>"",20,0)+IF(AH42<>"",20,0)) | AY42: =IF(AX42="","",IF(AX42>=90,"A",IF(AX42>=75,"B",IF(AX42>=60,"C","D")))) | AZ42: Legacy optical-only label; corrected README requires optical AND load-cell confirmation
A43: REC-0041 | B43: System Event | C43: 76106 | D43: =IF(ISNUMBER(C43),C43/1000,"") -> 76.106 | E43: NORMAL | G43: Entry Security | H43: SECURITY | I43: PIN Entry Started | J43: password started | M43: =IF(L43="IDLE",0,IF(L43="FIRE_DETECTED",1,IF(L43="PUMPING",2,IF(L43="BLOCKED",3,IF(L43="HUMIDIFYING",4,IF(L43="STABLE",5,"")))))) | P43: =IF(AND(ISNUMBER(O43),O43<>-1,O43>='02_Parameters'!$B$18,O43<='02_Parameters'!$B$19),O43,"") | R43: =IF(B43<>"Sensor Snapshot","",IF(O43="","Missing",IF(O43=-1,"Sensor failure sentinel (-1)",IF(OR(O43<'02_Parameters'!$B$18,O43>'02_Parameters'!$B$19),"Out of accepted range","Valid")))) | T43: =IF(AND(ISNUMBER(S43),S43<>-1,S43>='02_Parameters'!$B$20,S43<='02_Parameters'!$B$21),S43,"") | V43: =IF(B43<>"Sensor Snapshot","",IF(S43="","Missing",IF(S43=-1,"Sensor failure sentinel (-1)",IF(OR(S43<'02_Parameters'!$B$20,S43>'02_Parameters'!$B$21),"Out of accepted range","Valid")))) | X43: =IF(ISNUMBER(W43),ABS(W43),"") | Y43: =IF(B43="Calibration Trial","Calibration magnitude",IF(B43<>"Sensor Snapshot","",IF(W43="","Missing",IF(W43<0,"Sign corrected to positive","Valid")))) | AB43: =IF(B43<>"Sensor Snapshot","",IF(ISNUMBER(AA43),--(AA43<>0),IF(ISNUMBER(Z43),--(Z43<'02_Parameters'!$B$15),""))) | AC43: =IF(B43<>"Sensor Snapshot","",IF(ISNUMBER(X43),--(X43>='02_Parameters'!$B$16),"")) | AD43: 0 | AE43: =IF(B43<>"Sensor Snapshot","",IF(AD43=1,1,IF(AND(AB43=1,AC43=1),1,0))) | AF43: =IF(B43<>"Sensor Snapshot","",IF(AD43=1,"Logged dual-sensor event",IF(AE43=1,"Derived: optical AND weight",IF(OR(AB43=1,AC43=1),"Partial detection only","No detection")))) | AH43: =IF(B43<>"Sensor Snapshot","",IF(ISNUMBER(AG43),IF(AG43<0,"",IF(AG43>10,AG43/'02_Parameters'!$B$17,AG43)),"")) | AI43: =IF(B43<>"Sensor Snapshot","",IF(AG43="","Missing",IF(AG43<0,"Invalid negative flow",IF(AG43>10,"Normalized from high-scale log","Valid")))) | AJ43: =IF(B43<>"Sensor Snapshot","",--(L43="PUMPING")) | AK43: =IF(B43<>"Sensor Snapshot","",--(L43="HUMIDIFYING")) | AM43: =IF(B43<>"Sensor Snapshot","",--(OR(L43="FIRE_DETECTED",L43="BLOCKED"))) | AN43: =IF(B43<>"Sensor Snapshot","",--(N43>='02_Parameters'!$B$13)) | AO43: =IF(B43<>"Sensor Snapshot","",--(AND(L43="PUMPING",ISNUMBER(AH43),AH43<='02_Parameters'!$B$10))) | AQ43: =IF(B43="Calibration Trial",X43-AP43,"") | AR43: =IF(AND(B43="Calibration Trial",AP43<>0),AQ43/AP43*100,"") | AW43: Event standardized; original event preserved in raw-data sheet | AX43: =IF(B43<>"Sensor Snapshot","",IF(P43<>"",20,0)+IF(T43<>"",20,0)+IF(X43<>"",20,0)+IF(AB43<>"",20,0)+IF(AH43<>"",20,0)) | AY43: =IF(AX43="","",IF(AX43>=90,"A",IF(AX43>=75,"B",IF(AX43>=60,"C","D")))) | AZ43: Consistent with corrected README sequence
A44: REC-0042 | B44: Sensor Snapshot | C44: 91314 | D44: =IF(ISNUMBER(C44),C44/1000,"") -> 91.314 | E44: NORMAL | F44: 6 | G44: Integrated Monitoring | H44: MULTI_SENSOR | M44: =IF(L44="IDLE",0,IF(L44="FIRE_DETECTED",1,IF(L44="PUMPING",2,IF(L44="BLOCKED",3,IF(L44="HUMIDIFYING",4,IF(L44="STABLE",5,"")))))) | O44: 23.1 | P44: =IF(AND(ISNUMBER(O44),O44<>-1,O44>='02_Parameters'!$B$18,O44<='02_Parameters'!$B$19),O44,"") -> 23.1 | Q44: 23.1 | R44: =IF(B44<>"Sensor Snapshot","",IF(O44="","Missing",IF(O44=-1,"Sensor failure sentinel (-1)",IF(OR(O44<'02_Parameters'!$B$18,O44>'02_Parameters'!$B$19),"Out of accepted range","Valid")))) -> Valid | S44: 69.4 | T44: =IF(AND(ISNUMBER(S44),S44<>-1,S44>='02_Parameters'!$B$20,S44<='02_Parameters'!$B$21),S44,"") -> 69.4 | U44: 69.4 | V44: =IF(B44<>"Sensor Snapshot","",IF(S44="","Missing",IF(S44=-1,"Sensor failure sentinel (-1)",IF(OR(S44<'02_Parameters'!$B$20,S44>'02_Parameters'!$B$21),"Out of accepted range","Valid")))) -> Valid | W44: -1.7095 | X44: =IF(ISNUMBER(W44),ABS(W44),"") -> 1.7095 | Y44: =IF(B44="Calibration Trial","Calibration magnitude",IF(B44<>"Sensor Snapshot","",IF(W44="","Missing",IF(W44<0,"Sign corrected to positive","Valid")))) -> Sign corrected to positive | Z44: 818 | AB44: =IF(B44<>"Sensor Snapshot","",IF(ISNUMBER(AA44),--(AA44<>0),IF(ISNUMBER(Z44),--(Z44<'02_Parameters'!$B$15),""))) -> 0 | AC44: =IF(B44<>"Sensor Snapshot","",IF(ISNUMBER(X44),--(X44>='02_Parameters'!$B$16),"")) -> 0 | AD44: 0 | AE44: =IF(B44<>"Sensor Snapshot","",IF(AD44=1,1,IF(AND(AB44=1,AC44=1),1,0))) -> 0 | AF44: =IF(B44<>"Sensor Snapshot","",IF(AD44=1,"Logged dual-sensor event",IF(AE44=1,"Derived: optical AND weight",IF(OR(AB44=1,AC44=1),"Partial detection only","No detection")))) -> No detection | AG44: 230.24 | AH44: =IF(B44<>"Sensor Snapshot","",IF(ISNUMBER(AG44),IF(AG44<0,"",IF(AG44>10,AG44/'02_Parameters'!$B$17,AG44)),"")) -> 2.3024 | AI44: =IF(B44<>"Sensor Snapshot","",IF(AG44="","Missing",IF(AG44<0,"Invalid negative flow",IF(AG44>10,"Normalized from high-scale log","Valid")))) -> Normalized from high-scale log | AJ44: =IF(B44<>"Sensor Snapshot","",--(L44="PUMPING")) -> 0 | AK44: =IF(B44<>"Sensor Snapshot","",--(L44="HUMIDIFYING")) -> 0 | AM44: =IF(B44<>"Sensor Snapshot","",--(OR(L44="FIRE_DETECTED",L44="BLOCKED"))) -> 0 | AN44: =IF(B44<>"Sensor Snapshot","",--(N44>='02_Parameters'!$B$13)) -> 0 | AO44: =IF(B44<>"Sensor Snapshot","",--(AND(L44="PUMPING",ISNUMBER(AH44),AH44<='02_Parameters'!$B$10))) -> 0 | AQ44: =IF(B44="Calibration Trial",X44-AP44,"") | AR44: =IF(AND(B44="Calibration Trial",AP44<>0),AQ44/AP44*100,"") | AU44: mixed | AV44: snapshot | AW44: Load-cell sign corrected with absolute value; Flow divided by editable scale divisor | AX44: =IF(B44<>"Sensor Snapshot","",IF(P44<>"",20,0)+IF(T44<>"",20,0)+IF(X44<>"",20,0)+IF(AB44<>"",20,0)+IF(AH44<>"",20,0)) -> 100 | AY44: =IF(AX44="","",IF(AX44>=90,"A",IF(AX44>=75,"B",IF(AX44>=60,"C","D")))) -> A | AZ44: Corrected model: load cell treated only as entry-platform sensor | BA44: Grouped from five long-format sensor rows.
A45: REC-0043 | B45: System Event | C45: 91536 | D45: =IF(ISNUMBER(C45),C45/1000,"") -> 91.536 | E45: NORMAL | G45: Fire Protection | H45: FAN | I45: Fan OFF | J45: fan off | M45: =IF(L45="IDLE",0,IF(L45="FIRE_DETECTED",1,IF(L45="PUMPING",2,IF(L45="BLOCKED",3,IF(L45="HUMIDIFYING",4,IF(L45="STABLE",5,"")))))) | P45: =IF(AND(ISNUMBER(O45),O45<>-1,O45>='02_Parameters'!$B$18,O45<='02_Parameters'!$B$19),O45,"") | R45: =IF(B45<>"Sensor Snapshot","",IF(O45="","Missing",IF(O45=-1,"Sensor failure sentinel (-1)",IF(OR(O45<'02_Parameters'!$B$18,O45>'02_Parameters'!$B$19),"Out of accepted range","Valid")))) | T45: =IF(AND(ISNUMBER(S45),S45<>-1,S45>='02_Parameters'!$B$20,S45<='02_Parameters'!$B$21),S45,"") | V45: =IF(B45<>"Sensor Snapshot","",IF(S45="","Missing",IF(S45=-1,"Sensor failure sentinel (-1)",IF(OR(S45<'02_Parameters'!$B$20,S45>'02_Parameters'!$B$21),"Out of accepted range","Valid")))) | X45: =IF(ISNUMBER(W45),ABS(W45),"") | Y45: =IF(B45="Calibration Trial","Calibration magnitude",IF(B45<>"Sensor Snapshot","",IF(W45="","Missing",IF(W45<0,"Sign corrected to positive","Valid")))) | AB45: =IF(B45<>"Sensor Snapshot","",IF(ISNUMBER(AA45),--(AA45<>0),IF(ISNUMBER(Z45),--(Z45<'02_Parameters'!$B$15),""))) | AC45: =IF(B45<>"Sensor Snapshot","",IF(ISNUMBER(X45),--(X45>='02_Parameters'!$B$16),"")) | AD45: 0 | AE45: =IF(B45<>"Sensor Snapshot","",IF(AD45=1,1,IF(AND(AB45=1,AC45=1),1,0))) | AF45: =IF(B45<>"Sensor Snapshot","",IF(AD45=1,"Logged dual-sensor event",IF(AE45=1,"Derived: optical AND weight",IF(OR(AB45=1,AC45=1),"Partial detection only","No detection")))) | AH45: =IF(B45<>"Sensor Snapshot","",IF(ISNUMBER(AG45),IF(AG45<0,"",IF(AG45>10,AG45/'02_Parameters'!$B$17,AG45)),"")) | AI45: =IF(B45<>"Sensor Snapshot","",IF(AG45="","Missing",IF(AG45<0,"Invalid negative flow",IF(AG45>10,"Normalized from high-scale log","Valid")))) | AJ45: =IF(B45<>"Sensor Snapshot","",--(L45="PUMPING")) | AK45: =IF(B45<>"Sensor Snapshot","",--(L45="HUMIDIFYING")) | AL45: 0 | AM45: =IF(B45<>"Sensor Snapshot","",--(OR(L45="FIRE_DETECTED",L45="BLOCKED"))) | AN45: =IF(B45<>"Sensor Snapshot","",--(N45>='02_Parameters'!$B$13)) | AO45: =IF(B45<>"Sensor Snapshot","",--(AND(L45="PUMPING",ISNUMBER(AH45),AH45<='02_Parameters'!$B$10))) | AQ45: =IF(B45="Calibration Trial",X45-AP45,"") | AR45: =IF(AND(B45="Calibration Trial",AP45<>0),AQ45/AP45*100,"") | AW45: Event standardized; original event preserved in raw-data sheet | AX45: =IF(B45<>"Sensor Snapshot","",IF(P45<>"",20,0)+IF(T45<>"",20,0)+IF(X45<>"",20,0)+IF(AB45<>"",20,0)+IF(AH45<>"",20,0)) | AY45: =IF(AX45="","",IF(AX45>=90,"A",IF(AX45>=75,"B",IF(AX45>=60,"C","D")))) | AZ45: Consistent with corrected README sequence
A46: REC-0044 | B46: System Event | C46: 91576 | D46: =IF(ISNUMBER(C46),C46/1000,"") -> 91.576 | E46: NORMAL | G46: Entry Security | H46: SECURITY | I46: Legacy Proximity Trigger | J46: proximity detected | M46: =IF(L46="IDLE",0,IF(L46="FIRE_DETECTED",1,IF(L46="PUMPING",2,IF(L46="BLOCKED",3,IF(L46="HUMIDIFYING",4,IF(L46="STABLE",5,"")))))) | P46: =IF(AND(ISNUMBER(O46),O46<>-1,O46>='02_Parameters'!$B$18,O46<='02_Parameters'!$B$19),O46,"") | R46: =IF(B46<>"Sensor Snapshot","",IF(O46="","Missing",IF(O46=-1,"Sensor failure sentinel (-1)",IF(OR(O46<'02_Parameters'!$B$18,O46>'02_Parameters'!$B$19),"Out of accepted range","Valid")))) | T46: =IF(AND(ISNUMBER(S46),S46<>-1,S46>='02_Parameters'!$B$20,S46<='02_Parameters'!$B$21),S46,"") | V46: =IF(B46<>"Sensor Snapshot","",IF(S46="","Missing",IF(S46=-1,"Sensor failure sentinel (-1)",IF(OR(S46<'02_Parameters'!$B$20,S46>'02_Parameters'!$B$21),"Out of accepted range","Valid")))) | X46: =IF(ISNUMBER(W46),ABS(W46),"") | Y46: =IF(B46="Calibration Trial","Calibration magnitude",IF(B46<>"Sensor Snapshot","",IF(W46="","Missing",IF(W46<0,"Sign corrected to positive","Valid")))) | AB46: =IF(B46<>"Sensor Snapshot","",IF(ISNUMBER(AA46),--(AA46<>0),IF(ISNUMBER(Z46),--(Z46<'02_Parameters'!$B$15),""))) | AC46: =IF(B46<>"Sensor Snapshot","",IF(ISNUMBER(X46),--(X46>='02_Parameters'!$B$16),"")) | AD46: 0 | AE46: =IF(B46<>"Sensor Snapshot","",IF(AD46=1,1,IF(AND(AB46=1,AC46=1),1,0))) | AF46: =IF(B46<>"Sensor Snapshot","",IF(AD46=1,"Logged dual-sensor event",IF(AE46=1,"Derived: optical AND weight",IF(OR(AB46=1,AC46=1),"Partial detection only","No detection")))) | AH46: =IF(B46<>"Sensor Snapshot","",IF(ISNUMBER(AG46),IF(AG46<0,"",IF(AG46>10,AG46/'02_Parameters'!$B$17,AG46)),"")) | AI46: =IF(B46<>"Sensor Snapshot","",IF(AG46="","Missing",IF(AG46<0,"Invalid negative flow",IF(AG46>10,"Normalized from high-scale log","Valid")))) | AJ46: =IF(B46<>"Sensor Snapshot","",--(L46="PUMPING")) | AK46: =IF(B46<>"Sensor Snapshot","",--(L46="HUMIDIFYING")) | AM46: =IF(B46<>"Sensor Snapshot","",--(OR(L46="FIRE_DETECTED",L46="BLOCKED"))) | AN46: =IF(B46<>"Sensor Snapshot","",--(N46>='02_Parameters'!$B$13)) | AO46: =IF(B46<>"Sensor Snapshot","",--(AND(L46="PUMPING",ISNUMBER(AH46),AH46<='02_Parameters'!$B$10))) | AQ46: =IF(B46="Calibration Trial",X46-AP46,"") | AR46: =IF(AND(B46="Calibration Trial",AP46<>0),AQ46/AP46*100,"") | AW46: Event standardized; original event preserved in raw-data sheet | AX46: =IF(B46<>"Sensor Snapshot","",IF(P46<>"",20,0)+IF(T46<>"",20,0)+IF(X46<>"",20,0)+IF(AB46<>"",20,0)+IF(AH46<>"",20,0)) | AY46: =IF(AX46="","",IF(AX46>=90,"A",IF(AX46>=75,"B",IF(AX46>=60,"C","D")))) | AZ46: Legacy optical-only label; corrected README requires optical AND load-cell confirmation
A47: REC-0045 | B47: System Event | C47: 91645 | D47: =IF(ISNUMBER(C47),C47/1000,"") -> 91.645 | E47: NORMAL | G47: Entry Security | H47: SECURITY | I47: PIN Entry Started | J47: password started | M47: =IF(L47="IDLE",0,IF(L47="FIRE_DETECTED",1,IF(L47="PUMPING",2,IF(L47="BLOCKED",3,IF(L47="HUMIDIFYING",4,IF(L47="STABLE",5,"")))))) | P47: =IF(AND(ISNUMBER(O47),O47<>-1,O47>='02_Parameters'!$B$18,O47<='02_Parameters'!$B$19),O47,"") | R47: =IF(B47<>"Sensor Snapshot","",IF(O47="","Missing",IF(O47=-1,"Sensor failure sentinel (-1)",IF(OR(O47<'02_Parameters'!$B$18,O47>'02_Parameters'!$B$19),"Out of accepted range","Valid")))) | T47: =IF(AND(ISNUMBER(S47),S47<>-1,S47>='02_Parameters'!$B$20,S47<='02_Parameters'!$B$21),S47,"") | V47: =IF(B47<>"Sensor Snapshot","",IF(S47="","Missing",IF(S47=-1,"Sensor failure sentinel (-1)",IF(OR(S47<'02_Parameters'!$B$20,S47>'02_Parameters'!$B$21),"Out of accepted range","Valid")))) | X47: =IF(ISNUMBER(W47),ABS(W47),"") | Y47: =IF(B47="Calibration Trial","Calibration magnitude",IF(B47<>"Sensor Snapshot","",IF(W47="","Missing",IF(W47<0,"Sign corrected to positive","Valid")))) | AB47: =IF(B47<>"Sensor Snapshot","",IF(ISNUMBER(AA47),--(AA47<>0),IF(ISNUMBER(Z47),--(Z47<'02_Parameters'!$B$15),""))) | AC47: =IF(B47<>"Sensor Snapshot","",IF(ISNUMBER(X47),--(X47>='02_Parameters'!$B$16),"")) | AD47: 0 | AE47: =IF(B47<>"Sensor Snapshot","",IF(AD47=1,1,IF(AND(AB47=1,AC47=1),1,0))) | AF47: =IF(B47<>"Sensor Snapshot","",IF(AD47=1,"Logged dual-sensor event",IF(AE47=1,"Derived: optical AND weight",IF(OR(AB47=1,AC47=1),"Partial detection only","No detection")))) | AH47: =IF(B47<>"Sensor Snapshot","",IF(ISNUMBER(AG47),IF(AG47<0,"",IF(AG47>10,AG47/'02_Parameters'!$B$17,AG47)),"")) | AI47: =IF(B47<>"Sensor Snapshot","",IF(AG47="","Missing",IF(AG47<0,"Invalid negative flow",IF(AG47>10,"Normalized from high-scale log","Valid")))) | AJ47: =IF(B47<>"Sensor Snapshot","",--(L47="PUMPING")) | AK47: =IF(B47<>"Sensor Snapshot","",--(L47="HUMIDIFYING")) | AM47: =IF(B47<>"Sensor Snapshot","",--(OR(L47="FIRE_DETECTED",L47="BLOCKED"))) | AN47: =IF(B47<>"Sensor Snapshot","",--(N47>='02_Parameters'!$B$13)) | AO47: =IF(B47<>"Sensor Snapshot","",--(AND(L47="PUMPING",ISNUMBER(AH47),AH47<='02_Parameters'!$B$10))) | AQ47: =IF(B47="Calibration Trial",X47-AP47,"") | AR47: =IF(AND(B47="Calibration Trial",AP47<>0),AQ47/AP47*100,"") | AW47: Event standardized; original event preserved in raw-data sheet | AX47: =IF(B47<>"Sensor Snapshot","",IF(P47<>"",20,0)+IF(T47<>"",20,0)+IF(X47<>"",20,0)+IF(AB47<>"",20,0)+IF(AH47<>"",20,0)) | AY47: =IF(AX47="","",IF(AX47>=90,"A",IF(AX47>=75,"B",IF(AX47>=60,"C","D")))) | AZ47: Consistent with corrected README sequence
A48: REC-0046 | B48: Sensor Snapshot | C48: 106849 | D48: =IF(ISNUMBER(C48),C48/1000,"") -> 106.849 | E48: NORMAL | F48: 7 | G48: Integrated Monitoring | H48: MULTI_SENSOR | M48: =IF(L48="IDLE",0,IF(L48="FIRE_DETECTED",1,IF(L48="PUMPING",2,IF(L48="BLOCKED",3,IF(L48="HUMIDIFYING",4,IF(L48="STABLE",5,"")))))) | O48: -12 | P48: =IF(AND(ISNUMBER(O48),O48<>-1,O48>='02_Parameters'!$B$18,O48<='02_Parameters'!$B$19),O48,"") | Q48: 23.1 | R48: =IF(B48<>"Sensor Snapshot","",IF(O48="","Missing",IF(O48=-1,"Sensor failure sentinel (-1)",IF(OR(O48<'02_Parameters'!$B$18,O48>'02_Parameters'!$B$19),"Out of accepted range","Valid")))) -> Out of accepted range | S48: 161.3 | T48: =IF(AND(ISNUMBER(S48),S48<>-1,S48>='02_Parameters'!$B$20,S48<='02_Parameters'!$B$21),S48,"") | U48: 69.4 | V48: =IF(B48<>"Sensor Snapshot","",IF(S48="","Missing",IF(S48=-1,"Sensor failure sentinel (-1)",IF(OR(S48<'02_Parameters'!$B$20,S48>'02_Parameters'!$B$21),"Out of accepted range","Valid")))) -> Out of accepted range | W48: -1.7429 | X48: =IF(ISNUMBER(W48),ABS(W48),"") -> 1.7429 | Y48: =IF(B48="Calibration Trial","Calibration magnitude",IF(B48<>"Sensor Snapshot","",IF(W48="","Missing",IF(W48<0,"Sign corrected to positive","Valid")))) -> Sign corrected to positive | Z48: 113 | AB48: =IF(B48<>"Sensor Snapshot","",IF(ISNUMBER(AA48),--(AA48<>0),IF(ISNUMBER(Z48),--(Z48<'02_Parameters'!$B$15),""))) -> 1 | AC48: =IF(B48<>"Sensor Snapshot","",IF(ISNUMBER(X48),--(X48>='02_Parameters'!$B$16),"")) -> 0 | AD48: 0 | AE48: =IF(B48<>"Sensor Snapshot","",IF(AD48=1,1,IF(AND(AB48=1,AC48=1),1,0))) -> 0 | AF48: =IF(B48<>"Sensor Snapshot","",IF(AD48=1,"Logged dual-sensor event",IF(AE48=1,"Derived: optical AND weight",IF(OR(AB48=1,AC48=1),"Partial detection only","No detection")))) -> Partial detection only | AG48: 266.8533 | AH48: =IF(B48<>"Sensor Snapshot","",IF(ISNUMBER(AG48),IF(AG48<0,"",IF(AG48>10,AG48/'02_Parameters'!$B$17,AG48)),"")) -> 2.668533 | AI48: =IF(B48<>"Sensor Snapshot","",IF(AG48="","Missing",IF(AG48<0,"Invalid negative flow",IF(AG48>10,"Normalized from high-scale log","Valid")))) -> Normalized from high-scale log | AJ48: =IF(B48<>"Sensor Snapshot","",--(L48="PUMPING")) -> 0 | AK48: =IF(B48<>"Sensor Snapshot","",--(L48="HUMIDIFYING")) -> 0 | AM48: =IF(B48<>"Sensor Snapshot","",--(OR(L48="FIRE_DETECTED",L48="BLOCKED"))) -> 0 | AN48: =IF(B48<>"Sensor Snapshot","",--(N48>='02_Parameters'!$B$13)) -> 0 | AO48: =IF(B48<>"Sensor Snapshot","",--(AND(L48="PUMPING",ISNUMBER(AH48),AH48<='02_Parameters'!$B$10))) -> 0 | AQ48: =IF(B48="Calibration Trial",X48-AP48,"") | AR48: =IF(AND(B48="Calibration Trial",AP48<>0),AQ48/AP48*100,"") | AU48: mixed | AV48: snapshot | AW48: Load-cell sign corrected with absolute value; Temperature forward-filled for analysis only; Humidity forward-filled for analysis only; Flow divided by editable scale divisor | AX48: =IF(B48<>"Sensor Snapshot","",IF(P48<>"",20,0)+IF(T48<>"",20,0)+IF(X48<>"",20,0)+IF(AB48<>"",20,0)+IF(AH48<>"",20,0)) -> 60 | AY48: =IF(AX48="","",IF(AX48>=90,"A",IF(AX48>=75,"B",IF(AX48>=60,"C","D")))) -> C | AZ48: Corrected model: load cell treated only as entry-platform sensor | BA48: Grouped from five long-format sensor rows.
A49: REC-0047 | B49: System Event | C49: 107080 | D49: =IF(ISNUMBER(C49),C49/1000,"") -> 107.08 | E49: NORMAL | G49: Fire Protection | H49: FAN | I49: Fan ON | J49: fan on | M49: =IF(L49="IDLE",0,IF(L49="FIRE_DETECTED",1,IF(L49="PUMPING",2,IF(L49="BLOCKED",3,IF(L49="HUMIDIFYING",4,IF(L49="STABLE",5,"")))))) | P49: =IF(AND(ISNUMBER(O49),O49<>-1,O49>='02_Parameters'!$B$18,O49<='02_Parameters'!$B$19),O49,"") | R49: =IF(B49<>"Sensor Snapshot","",IF(O49="","Missing",IF(O49=-1,"Sensor failure sentinel (-1)",IF(OR(O49<'02_Parameters'!$B$18,O49>'02_Parameters'!$B$19),"Out of accepted range","Valid")))) | T49: =IF(AND(ISNUMBER(S49),S49<>-1,S49>='02_Parameters'!$B$20,S49<='02_Parameters'!$B$21),S49,"") | V49: =IF(B49<>"Sensor Snapshot","",IF(S49="","Missing",IF(S49=-1,"Sensor failure sentinel (-1)",IF(OR(S49<'02_Parameters'!$B$20,S49>'02_Parameters'!$B$21),"Out of accepted range","Valid")))) | X49: =IF(ISNUMBER(W49),ABS(W49),"") | Y49: =IF(B49="Calibration Trial","Calibration magnitude",IF(B49<>"Sensor Snapshot","",IF(W49="","Missing",IF(W49<0,"Sign corrected to positive","Valid")))) | AB49: =IF(B49<>"Sensor Snapshot","",IF(ISNUMBER(AA49),--(AA49<>0),IF(ISNUMBER(Z49),--(Z49<'02_Parameters'!$B$15),""))) | AC49: =IF(B49<>"Sensor Snapshot","",IF(ISNUMBER(X49),--(X49>='02_Parameters'!$B$16),"")) | AD49: 0 | AE49: =IF(B49<>"Sensor Snapshot","",IF(AD49=1,1,IF(AND(AB49=1,AC49=1),1,0))) | AF49: =IF(B49<>"Sensor Snapshot","",IF(AD49=1,"Logged dual-sensor event",IF(AE49=1,"Derived: optical AND weight",IF(OR(AB49=1,AC49=1),"Partial detection only","No detection")))) | AH49: =IF(B49<>"Sensor Snapshot","",IF(ISNUMBER(AG49),IF(AG49<0,"",IF(AG49>10,AG49/'02_Parameters'!$B$17,AG49)),"")) | AI49: =IF(B49<>"Sensor Snapshot","",IF(AG49="","Missing",IF(AG49<0,"Invalid negative flow",IF(AG49>10,"Normalized from high-scale log","Valid")))) | AJ49: =IF(B49<>"Sensor Snapshot","",--(L49="PUMPING")) | AK49: =IF(B49<>"Sensor Snapshot","",--(L49="HUMIDIFYING")) | AL49: 1 | AM49: =IF(B49<>"Sensor Snapshot","",--(OR(L49="FIRE_DETECTED",L49="BLOCKED"))) | AN49: =IF(B49<>"Sensor Snapshot","",--(N49>='02_Parameters'!$B$13)) | AO49: =IF(B49<>"Sensor Snapshot","",--(AND(L49="PUMPING",ISNUMBER(AH49),AH49<='02_Parameters'!$B$10))) | AQ49: =IF(B49="Calibration Trial",X49-AP49,"") | AR49: =IF(AND(B49="Calibration Trial",AP49<>0),AQ49/AP49*100,"") | AW49: Event standardized; original event preserved in raw-data sheet | AX49: =IF(B49<>"Sensor Snapshot","",IF(P49<>"",20,0)+IF(T49<>"",20,0)+IF(X49<>"",20,0)+IF(AB49<>"",20,0)+IF(AH49<>"",20,0)) | AY49: =IF(AX49="","",IF(AX49>=90,"A",IF(AX49>=75,"B",IF(AX49>=60,"C","D")))) | AZ49: Consistent with corrected README sequence
A50: REC-0048 | B50: System Event | C50: 107121 | D50: =IF(ISNUMBER(C50),C50/1000,"") -> 107.121 | E50: NORMAL | G50: Entry Security | H50: SECURITY | I50: Legacy Proximity Trigger | J50: proximity detected | M50: =IF(L50="IDLE",0,IF(L50="FIRE_DETECTED",1,IF(L50="PUMPING",2,IF(L50="BLOCKED",3,IF(L50="HUMIDIFYING",4,IF(L50="STABLE",5,"")))))) | P50: =IF(AND(ISNUMBER(O50),O50<>-1,O50>='02_Parameters'!$B$18,O50<='02_Parameters'!$B$19),O50,"") | R50: =IF(B50<>"Sensor Snapshot","",IF(O50="","Missing",IF(O50=-1,"Sensor failure sentinel (-1)",IF(OR(O50<'02_Parameters'!$B$18,O50>'02_Parameters'!$B$19),"Out of accepted range","Valid")))) | T50: =IF(AND(ISNUMBER(S50),S50<>-1,S50>='02_Parameters'!$B$20,S50<='02_Parameters'!$B$21),S50,"") | V50: =IF(B50<>"Sensor Snapshot","",IF(S50="","Missing",IF(S50=-1,"Sensor failure sentinel (-1)",IF(OR(S50<'02_Parameters'!$B$20,S50>'02_Parameters'!$B$21),"Out of accepted range","Valid")))) | X50: =IF(ISNUMBER(W50),ABS(W50),"") | Y50: =IF(B50="Calibration Trial","Calibration magnitude",IF(B50<>"Sensor Snapshot","",IF(W50="","Missing",IF(W50<0,"Sign corrected to positive","Valid")))) | AB50: =IF(B50<>"Sensor Snapshot","",IF(ISNUMBER(AA50),--(AA50<>0),IF(ISNUMBER(Z50),--(Z50<'02_Parameters'!$B$15),""))) | AC50: =IF(B50<>"Sensor Snapshot","",IF(ISNUMBER(X50),--(X50>='02_Parameters'!$B$16),"")) | AD50: 0 | AE50: =IF(B50<>"Sensor Snapshot","",IF(AD50=1,1,IF(AND(AB50=1,AC50=1),1,0))) | AF50: =IF(B50<>"Sensor Snapshot","",IF(AD50=1,"Logged dual-sensor event",IF(AE50=1,"Derived: optical AND weight",IF(OR(AB50=1,AC50=1),"Partial detection only","No detection")))) | AH50: =IF(B50<>"Sensor Snapshot","",IF(ISNUMBER(AG50),IF(AG50<0,"",IF(AG50>10,AG50/'02_Parameters'!$B$17,AG50)),"")) | AI50: =IF(B50<>"Sensor Snapshot","",IF(AG50="","Missing",IF(AG50<0,"Invalid negative flow",IF(AG50>10,"Normalized from high-scale log","Valid")))) | AJ50: =IF(B50<>"Sensor Snapshot","",--(L50="PUMPING")) | AK50: =IF(B50<>"Sensor Snapshot","",--(L50="HUMIDIFYING")) | AM50: =IF(B50<>"Sensor Snapshot","",--(OR(L50="FIRE_DETECTED",L50="BLOCKED"))) | AN50: =IF(B50<>"Sensor Snapshot","",--(N50>='02_Parameters'!$B$13)) | AO50: =IF(B50<>"Sensor Snapshot","",--(AND(L50="PUMPING",ISNUMBER(AH50),AH50<='02_Parameters'!$B$10))) | AQ50: =IF(B50="Calibration Trial",X50-AP50,"") | AR50: =IF(AND(B50="Calibration Trial",AP50<>0),AQ50/AP50*100,"") | AW50: Event standardized; original event preserved in raw-data sheet | AX50: =IF(B50<>"Sensor Snapshot","",IF(P50<>"",20,0)+IF(T50<>"",20,0)+IF(X50<>"",20,0)+IF(AB50<>"",20,0)+IF(AH50<>"",20,0)) | AY50: =IF(AX50="","",IF(AX50>=90,"A",IF(AX50>=75,"B",IF(AX50>=60,"C","D")))) | AZ50: Legacy optical-only label; corrected README requires optical AND load-cell confirmation
A51: REC-0049 | B51: System Event | C51: 107192 | D51: =IF(ISNUMBER(C51),C51/1000,"") -> 107.192 | E51: NORMAL | G51: Entry Security | H51: SECURITY | I51: PIN Entry Started | J51: password started | M51: =IF(L51="IDLE",0,IF(L51="FIRE_DETECTED",1,IF(L51="PUMPING",2,IF(L51="BLOCKED",3,IF(L51="HUMIDIFYING",4,IF(L51="STABLE",5,"")))))) | P51: =IF(AND(ISNUMBER(O51),O51<>-1,O51>='02_Parameters'!$B$18,O51<='02_Parameters'!$B$19),O51,"") | R51: =IF(B51<>"Sensor Snapshot","",IF(O51="","Missing",IF(O51=-1,"Sensor failure sentinel (-1)",IF(OR(O51<'02_Parameters'!$B$18,O51>'02_Parameters'!$B$19),"Out of accepted range","Valid")))) | T51: =IF(AND(ISNUMBER(S51),S51<>-1,S51>='02_Parameters'!$B$20,S51<='02_Parameters'!$B$21),S51,"") | V51: =IF(B51<>"Sensor Snapshot","",IF(S51="","Missing",IF(S51=-1,"Sensor failure sentinel (-1)",IF(OR(S51<'02_Parameters'!$B$20,S51>'02_Parameters'!$B$21),"Out of accepted range","Valid")))) | X51: =IF(ISNUMBER(W51),ABS(W51),"") | Y51: =IF(B51="Calibration Trial","Calibration magnitude",IF(B51<>"Sensor Snapshot","",IF(W51="","Missing",IF(W51<0,"Sign corrected to positive","Valid")))) | AB51: =IF(B51<>"Sensor Snapshot","",IF(ISNUMBER(AA51),--(AA51<>0),IF(ISNUMBER(Z51),--(Z51<'02_Parameters'!$B$15),""))) | AC51: =IF(B51<>"Sensor Snapshot","",IF(ISNUMBER(X51),--(X51>='02_Parameters'!$B$16),"")) | AD51: 0 | AE51: =IF(B51<>"Sensor Snapshot","",IF(AD51=1,1,IF(AND(AB51=1,AC51=1),1,0))) | AF51: =IF(B51<>"Sensor Snapshot","",IF(AD51=1,"Logged dual-sensor event",IF(AE51=1,"Derived: optical AND weight",IF(OR(AB51=1,AC51=1),"Partial detection only","No detection")))) | AH51: =IF(B51<>"Sensor Snapshot","",IF(ISNUMBER(AG51),IF(AG51<0,"",IF(AG51>10,AG51/'02_Parameters'!$B$17,AG51)),"")) | AI51: =IF(B51<>"Sensor Snapshot","",IF(AG51="","Missing",IF(AG51<0,"Invalid negative flow",IF(AG51>10,"Normalized from high-scale log","Valid")))) | AJ51: =IF(B51<>"Sensor Snapshot","",--(L51="PUMPING")) | AK51: =IF(B51<>"Sensor Snapshot","",--(L51="HUMIDIFYING")) | AM51: =IF(B51<>"Sensor Snapshot","",--(OR(L51="FIRE_DETECTED",L51="BLOCKED"))) | AN51: =IF(B51<>"Sensor Snapshot","",--(N51>='02_Parameters'!$B$13)) | AO51: =IF(B51<>"Sensor Snapshot","",--(AND(L51="PUMPING",ISNUMBER(AH51),AH51<='02_Parameters'!$B$10))) | AQ51: =IF(B51="Calibration Trial",X51-AP51,"") | AR51: =IF(AND(B51="Calibration Trial",AP51<>0),AQ51/AP51*100,"") | AW51: Event standardized; original event preserved in raw-data sheet | AX51: =IF(B51<>"Sensor Snapshot","",IF(P51<>"",20,0)+IF(T51<>"",20,0)+IF(X51<>"",20,0)+IF(AB51<>"",20,0)+IF(AH51<>"",20,0)) | AY51: =IF(AX51="","",IF(AX51>=90,"A",IF(AX51>=75,"B",IF(AX51>=60,"C","D")))) | AZ51: Consistent with corrected README sequence
A52: REC-0050 | B52: Sensor Snapshot | C52: 122363 | D52: =IF(ISNUMBER(C52),C52/1000,"") -> 122.363 | E52: NORMAL | F52: 8 | G52: Integrated Monitoring | H52: MULTI_SENSOR | M52: =IF(L52="IDLE",0,IF(L52="FIRE_DETECTED",1,IF(L52="PUMPING",2,IF(L52="BLOCKED",3,IF(L52="HUMIDIFYING",4,IF(L52="STABLE",5,"")))))) | P52: =IF(AND(ISNUMBER(O52),O52<>-1,O52>='02_Parameters'!$B$18,O52<='02_Parameters'!$B$19),O52,"") | Q52: 23.1 | R52: =IF(B52<>"Sensor Snapshot","",IF(O52="","Missing",IF(O52=-1,"Sensor failure sentinel (-1)",IF(OR(O52<'02_Parameters'!$B$18,O52>'02_Parameters'!$B$19),"Out of accepted range","Valid")))) -> Missing | T52: =IF(AND(ISNUMBER(S52),S52<>-1,S52>='02_Parameters'!$B$20,S52<='02_Parameters'!$B$21),S52,"") | U52: 69.4 | V52: =IF(B52<>"Sensor Snapshot","",IF(S52="","Missing",IF(S52=-1,"Sensor failure sentinel (-1)",IF(OR(S52<'02_Parameters'!$B$20,S52>'02_Parameters'!$B$21),"Out of accepted range","Valid")))) -> Missing | W52: -1.7976 | X52: =IF(ISNUMBER(W52),ABS(W52),"") -> 1.7976 | Y52: =IF(B52="Calibration Trial","Calibration magnitude",IF(B52<>"Sensor Snapshot","",IF(W52="","Missing",IF(W52<0,"Sign corrected to positive","Valid")))) -> Sign corrected to positive | Z52: 815 | AB52: =IF(B52<>"Sensor Snapshot","",IF(ISNUMBER(AA52),--(AA52<>0),IF(ISNUMBER(Z52),--(Z52<'02_Parameters'!$B$15),""))) -> 0 | AC52: =IF(B52<>"Sensor Snapshot","",IF(ISNUMBER(X52),--(X52>='02_Parameters'!$B$16),"")) -> 0 | AD52: 0 | AE52: =IF(B52<>"Sensor Snapshot","",IF(AD52=1,1,IF(AND(AB52=1,AC52=1),1,0))) -> 0 | AF52: =IF(B52<>"Sensor Snapshot","",IF(AD52=1,"Logged dual-sensor event",IF(AE52=1,"Derived: optical AND weight",IF(OR(AB52=1,AC52=1),"Partial detection only","No detection")))) -> No detection | AG52: 242.3467 | AH52: =IF(B52<>"Sensor Snapshot","",IF(ISNUMBER(AG52),IF(AG52<0,"",IF(AG52>10,AG52/'02_Parameters'!$B$17,AG52)),"")) -> 2.423467 | AI52: =IF(B52<>"Sensor Snapshot","",IF(AG52="","Missing",IF(AG52<0,"Invalid negative flow",IF(AG52>10,"Normalized from high-scale log","Valid")))) -> Normalized from high-scale log | AJ52: =IF(B52<>"Sensor Snapshot","",--(L52="PUMPING")) -> 0 | AK52: =IF(B52<>"Sensor Snapshot","",--(L52="HUMIDIFYING")) -> 0 | AM52: =IF(B52<>"Sensor Snapshot","",--(OR(L52="FIRE_DETECTED",L52="BLOCKED"))) -> 0 | AN52: =IF(B52<>"Sensor Snapshot","",--(N52>='02_Parameters'!$B$13)) -> 0 | AO52: =IF(B52<>"Sensor Snapshot","",--(AND(L52="PUMPING",ISNUMBER(AH52),AH52<='02_Parameters'!$B$10))) -> 0 | AQ52: =IF(B52="Calibration Trial",X52-AP52,"") | AR52: =IF(AND(B52="Calibration Trial",AP52<>0),AQ52/AP52*100,"") | AU52: mixed | AV52: snapshot | AW52: Load-cell sign corrected with absolute value; Temperature forward-filled for analysis only; Humidity forward-filled for analysis only; Flow divided by editable scale divisor | AX52: =IF(B52<>"Sensor Snapshot","",IF(P52<>"",20,0)+IF(T52<>"",20,0)+IF(X52<>"",20,0)+IF(AB52<>"",20,0)+IF(AH52<>"",20,0)) -> 60 | AY52: =IF(AX52="","",IF(AX52>=90,"A",IF(AX52>=75,"B",IF(AX52>=60,"C","D")))) -> C | AZ52: Corrected model: load cell treated only as entry-platform sensor | BA52: Grouped from five long-format sensor rows.
A53: REC-0051 | B53: System Event | C53: 122567 | D53: =IF(ISNUMBER(C53),C53/1000,"") -> 122.567 | E53: NORMAL | G53: Entry Security | H53: SECURITY | I53: Legacy Proximity Trigger | J53: proximity detected | M53: =IF(L53="IDLE",0,IF(L53="FIRE_DETECTED",1,IF(L53="PUMPING",2,IF(L53="BLOCKED",3,IF(L53="HUMIDIFYING",4,IF(L53="STABLE",5,"")))))) | P53: =IF(AND(ISNUMBER(O53),O53<>-1,O53>='02_Parameters'!$B$18,O53<='02_Parameters'!$B$19),O53,"") | R53: =IF(B53<>"Sensor Snapshot","",IF(O53="","Missing",IF(O53=-1,"Sensor failure sentinel (-1)",IF(OR(O53<'02_Parameters'!$B$18,O53>'02_Parameters'!$B$19),"Out of accepted range","Valid")))) | T53: =IF(AND(ISNUMBER(S53),S53<>-1,S53>='02_Parameters'!$B$20,S53<='02_Parameters'!$B$21),S53,"") | V53: =IF(B53<>"Sensor Snapshot","",IF(S53="","Missing",IF(S53=-1,"Sensor failure sentinel (-1)",IF(OR(S53<'02_Parameters'!$B$20,S53>'02_Parameters'!$B$21),"Out of accepted range","Valid")))) | X53: =IF(ISNUMBER(W53),ABS(W53),"") | Y53: =IF(B53="Calibration Trial","Calibration magnitude",IF(B53<>"Sensor Snapshot","",IF(W53="","Missing",IF(W53<0,"Sign corrected to positive","Valid")))) | AB53: =IF(B53<>"Sensor Snapshot","",IF(ISNUMBER(AA53),--(AA53<>0),IF(ISNUMBER(Z53),--(Z53<'02_Parameters'!$B$15),""))) | AC53: =IF(B53<>"Sensor Snapshot","",IF(ISNUMBER(X53),--(X53>='02_Parameters'!$B$16),"")) | AD53: 0 | AE53: =IF(B53<>"Sensor Snapshot","",IF(AD53=1,1,IF(AND(AB53=1,AC53=1),1,0))) | AF53: =IF(B53<>"Sensor Snapshot","",IF(AD53=1,"Logged dual-sensor event",IF(AE53=1,"Derived: optical AND weight",IF(OR(AB53=1,AC53=1),"Partial detection only","No detection")))) | AH53: =IF(B53<>"Sensor Snapshot","",IF(ISNUMBER(AG53),IF(AG53<0,"",IF(AG53>10,AG53/'02_Parameters'!$B$17,AG53)),"")) | AI53: =IF(B53<>"Sensor Snapshot","",IF(AG53="","Missing",IF(AG53<0,"Invalid negative flow",IF(AG53>10,"Normalized from high-scale log","Valid")))) | AJ53: =IF(B53<>"Sensor Snapshot","",--(L53="PUMPING")) | AK53: =IF(B53<>"Sensor Snapshot","",--(L53="HUMIDIFYING")) | AM53: =IF(B53<>"Sensor Snapshot","",--(OR(L53="FIRE_DETECTED",L53="BLOCKED"))) | AN53: =IF(B53<>"Sensor Snapshot","",--(N53>='02_Parameters'!$B$13)) | AO53: =IF(B53<>"Sensor Snapshot","",--(AND(L53="PUMPING",ISNUMBER(AH53),AH53<='02_Parameters'!$B$10))) | AQ53: =IF(B53="Calibration Trial",X53-AP53,"") | AR53: =IF(AND(B53="Calibration Trial",AP53<>0),AQ53/AP53*100,"") | AW53: Event standardized; original event preserved in raw-data sheet | AX53: =IF(B53<>"Sensor Snapshot","",IF(P53<>"",20,0)+IF(T53<>"",20,0)+IF(X53<>"",20,0)+IF(AB53<>"",20,0)+IF(AH53<>"",20,0)) | AY53: =IF(AX53="","",IF(AX53>=90,"A",IF(AX53>=75,"B",IF(AX53>=60,"C","D")))) | AZ53: Legacy optical-only label; corrected README requires optical AND load-cell confirmation
A54: REC-0052 | B54: System Event | C54: 122639 | D54: =IF(ISNUMBER(C54),C54/1000,"") -> 122.639 | E54: NORMAL | G54: Entry Security | H54: SECURITY | I54: PIN Entry Started | J54: password started | M54: =IF(L54="IDLE",0,IF(L54="FIRE_DETECTED",1,IF(L54="PUMPING",2,IF(L54="BLOCKED",3,IF(L54="HUMIDIFYING",4,IF(L54="STABLE",5,"")))))) | P54: =IF(AND(ISNUMBER(O54),O54<>-1,O54>='02_Parameters'!$B$18,O54<='02_Parameters'!$B$19),O54,"") | R54: =IF(B54<>"Sensor Snapshot","",IF(O54="","Missing",IF(O54=-1,"Sensor failure sentinel (-1)",IF(OR(O54<'02_Parameters'!$B$18,O54>'02_Parameters'!$B$19),"Out of accepted range","Valid")))) | T54: =IF(AND(ISNUMBER(S54),S54<>-1,S54>='02_Parameters'!$B$20,S54<='02_Parameters'!$B$21),S54,"") | V54: =IF(B54<>"Sensor Snapshot","",IF(S54="","Missing",IF(S54=-1,"Sensor failure sentinel (-1)",IF(OR(S54<'02_Parameters'!$B$20,S54>'02_Parameters'!$B$21),"Out of accepted range","Valid")))) | X54: =IF(ISNUMBER(W54),ABS(W54),"") | Y54: =IF(B54="Calibration Trial","Calibration magnitude",IF(B54<>"Sensor Snapshot","",IF(W54="","Missing",IF(W54<0,"Sign corrected to positive","Valid")))) | AB54: =IF(B54<>"Sensor Snapshot","",IF(ISNUMBER(AA54),--(AA54<>0),IF(ISNUMBER(Z54),--(Z54<'02_Parameters'!$B$15),""))) | AC54: =IF(B54<>"Sensor Snapshot","",IF(ISNUMBER(X54),--(X54>='02_Parameters'!$B$16),"")) | AD54: 0 | AE54: =IF(B54<>"Sensor Snapshot","",IF(AD54=1,1,IF(AND(AB54=1,AC54=1),1,0))) | AF54: =IF(B54<>"Sensor Snapshot","",IF(AD54=1,"Logged dual-sensor event",IF(AE54=1,"Derived: optical AND weight",IF(OR(AB54=1,AC54=1),"Partial detection only","No detection")))) | AH54: =IF(B54<>"Sensor Snapshot","",IF(ISNUMBER(AG54),IF(AG54<0,"",IF(AG54>10,AG54/'02_Parameters'!$B$17,AG54)),"")) | AI54: =IF(B54<>"Sensor Snapshot","",IF(AG54="","Missing",IF(AG54<0,"Invalid negative flow",IF(AG54>10,"Normalized from high-scale log","Valid")))) | AJ54: =IF(B54<>"Sensor Snapshot","",--(L54="PUMPING")) | AK54: =IF(B54<>"Sensor Snapshot","",--(L54="HUMIDIFYING")) | AM54: =IF(B54<>"Sensor Snapshot","",--(OR(L54="FIRE_DETECTED",L54="BLOCKED"))) | AN54: =IF(B54<>"Sensor Snapshot","",--(N54>='02_Parameters'!$B$13)) | AO54: =IF(B54<>"Sensor Snapshot","",--(AND(L54="PUMPING",ISNUMBER(AH54),AH54<='02_Parameters'!$B$10))) | AQ54: =IF(B54="Calibration Trial",X54-AP54,"") | AR54: =IF(AND(B54="Calibration Trial",AP54<>0),AQ54/AP54*100,"") | AW54: Event standardized; original event preserved in raw-data sheet | AX54: =IF(B54<>"Sensor Snapshot","",IF(P54<>"",20,0)+IF(T54<>"",20,0)+IF(X54<>"",20,0)+IF(AB54<>"",20,0)+IF(AH54<>"",20,0)) | AY54: =IF(AX54="","",IF(AX54>=90,"A",IF(AX54>=75,"B",IF(AX54>=60,"C","D")))) | AZ54: Consistent with corrected README sequence
A55: REC-0053 | B55: Sensor Snapshot | C55: 137801 | D55: =IF(ISNUMBER(C55),C55/1000,"") -> 137.801 | E55: NORMAL | F55: 9 | G55: Integrated Monitoring | H55: MULTI_SENSOR | M55: =IF(L55="IDLE",0,IF(L55="FIRE_DETECTED",1,IF(L55="PUMPING",2,IF(L55="BLOCKED",3,IF(L55="HUMIDIFYING",4,IF(L55="STABLE",5,"")))))) | P55: =IF(AND(ISNUMBER(O55),O55<>-1,O55>='02_Parameters'!$B$18,O55<='02_Parameters'!$B$19),O55,"") | Q55: 23.1 | R55: =IF(B55<>"Sensor Snapshot","",IF(O55="","Missing",IF(O55=-1,"Sensor failure sentinel (-1)",IF(OR(O55<'02_Parameters'!$B$18,O55>'02_Parameters'!$B$19),"Out of accepted range","Valid")))) -> Missing | T55: =IF(AND(ISNUMBER(S55),S55<>-1,S55>='02_Parameters'!$B$20,S55<='02_Parameters'!$B$21),S55,"") | U55: 69.4 | V55: =IF(B55<>"Sensor Snapshot","",IF(S55="","Missing",IF(S55=-1,"Sensor failure sentinel (-1)",IF(OR(S55<'02_Parameters'!$B$20,S55>'02_Parameters'!$B$21),"Out of accepted range","Valid")))) -> Missing | W55: -1.6571 | X55: =IF(ISNUMBER(W55),ABS(W55),"") -> 1.6571 | Y55: =IF(B55="Calibration Trial","Calibration magnitude",IF(B55<>"Sensor Snapshot","",IF(W55="","Missing",IF(W55<0,"Sign corrected to positive","Valid")))) -> Sign corrected to positive | Z55: 820 | AB55: =IF(B55<>"Sensor Snapshot","",IF(ISNUMBER(AA55),--(AA55<>0),IF(ISNUMBER(Z55),--(Z55<'02_Parameters'!$B$15),""))) -> 0 | AC55: =IF(B55<>"Sensor Snapshot","",IF(ISNUMBER(X55),--(X55>='02_Parameters'!$B$16),"")) -> 0 | AD55: 0 | AE55: =IF(B55<>"Sensor Snapshot","",IF(AD55=1,1,IF(AND(AB55=1,AC55=1),1,0))) -> 0 | AF55: =IF(B55<>"Sensor Snapshot","",IF(AD55=1,"Logged dual-sensor event",IF(AE55=1,"Derived: optical AND weight",IF(OR(AB55=1,AC55=1),"Partial detection only","No detection")))) -> No detection | AG55: 286.9333 | AH55: =IF(B55<>"Sensor Snapshot","",IF(ISNUMBER(AG55),IF(AG55<0,"",IF(AG55>10,AG55/'02_Parameters'!$B$17,AG55)),"")) -> 2.869333 | AI55: =IF(B55<>"Sensor Snapshot","",IF(AG55="","Missing",IF(AG55<0,"Invalid negative flow",IF(AG55>10,"Normalized from high-scale log","Valid")))) -> Normalized from high-scale log | AJ55: =IF(B55<>"Sensor Snapshot","",--(L55="PUMPING")) -> 0 | AK55: =IF(B55<>"Sensor Snapshot","",--(L55="HUMIDIFYING")) -> 0 | AM55: =IF(B55<>"Sensor Snapshot","",--(OR(L55="FIRE_DETECTED",L55="BLOCKED"))) -> 0 | AN55: =IF(B55<>"Sensor Snapshot","",--(N55>='02_Parameters'!$B$13)) -> 0 | AO55: =IF(B55<>"Sensor Snapshot","",--(AND(L55="PUMPING",ISNUMBER(AH55),AH55<='02_Parameters'!$B$10))) -> 0 | AQ55: =IF(B55="Calibration Trial",X55-AP55,"") | AR55: =IF(AND(B55="Calibration Trial",AP55<>0),AQ55/AP55*100,"") | AU55: mixed | AV55: snapshot | AW55: Load-cell sign corrected with absolute value; Temperature forward-filled for analysis only; Humidity forward-filled for analysis only; Flow divided by editable scale divisor | AX55: =IF(B55<>"Sensor Snapshot","",IF(P55<>"",20,0)+IF(T55<>"",20,0)+IF(X55<>"",20,0)+IF(AB55<>"",20,0)+IF(AH55<>"",20,0)) -> 60 | AY55: =IF(AX55="","",IF(AX55>=90,"A",IF(AX55>=75,"B",IF(AX55>=60,"C","D")))) -> C | AZ55: Corrected model: load cell treated only as entry-platform sensor | BA55: Grouped from five long-format sensor rows.
A56: REC-0054 | B56: System Event | C56: 138006 | D56: =IF(ISNUMBER(C56),C56/1000,"") -> 138.006 | E56: NORMAL | G56: Entry Security | H56: SECURITY | I56: Legacy Proximity Trigger | J56: proximity detected | M56: =IF(L56="IDLE",0,IF(L56="FIRE_DETECTED",1,IF(L56="PUMPING",2,IF(L56="BLOCKED",3,IF(L56="HUMIDIFYING",4,IF(L56="STABLE",5,"")))))) | P56: =IF(AND(ISNUMBER(O56),O56<>-1,O56>='02_Parameters'!$B$18,O56<='02_Parameters'!$B$19),O56,"") | R56: =IF(B56<>"Sensor Snapshot","",IF(O56="","Missing",IF(O56=-1,"Sensor failure sentinel (-1)",IF(OR(O56<'02_Parameters'!$B$18,O56>'02_Parameters'!$B$19),"Out of accepted range","Valid")))) | T56: =IF(AND(ISNUMBER(S56),S56<>-1,S56>='02_Parameters'!$B$20,S56<='02_Parameters'!$B$21),S56,"") | V56: =IF(B56<>"Sensor Snapshot","",IF(S56="","Missing",IF(S56=-1,"Sensor failure sentinel (-1)",IF(OR(S56<'02_Parameters'!$B$20,S56>'02_Parameters'!$B$21),"Out of accepted range","Valid")))) | X56: =IF(ISNUMBER(W56),ABS(W56),"") | Y56: =IF(B56="Calibration Trial","Calibration magnitude",IF(B56<>"Sensor Snapshot","",IF(W56="","Missing",IF(W56<0,"Sign corrected to positive","Valid")))) | AB56: =IF(B56<>"Sensor Snapshot","",IF(ISNUMBER(AA56),--(AA56<>0),IF(ISNUMBER(Z56),--(Z56<'02_Parameters'!$B$15),""))) | AC56: =IF(B56<>"Sensor Snapshot","",IF(ISNUMBER(X56),--(X56>='02_Parameters'!$B$16),"")) | AD56: 0 | AE56: =IF(B56<>"Sensor Snapshot","",IF(AD56=1,1,IF(AND(AB56=1,AC56=1),1,0))) | AF56: =IF(B56<>"Sensor Snapshot","",IF(AD56=1,"Logged dual-sensor event",IF(AE56=1,"Derived: optical AND weight",IF(OR(AB56=1,AC56=1),"Partial detection only","No detection")))) | AH56: =IF(B56<>"Sensor Snapshot","",IF(ISNUMBER(AG56),IF(AG56<0,"",IF(AG56>10,AG56/'02_Parameters'!$B$17,AG56)),"")) | AI56: =IF(B56<>"Sensor Snapshot","",IF(AG56="","Missing",IF(AG56<0,"Invalid negative flow",IF(AG56>10,"Normalized from high-scale log","Valid")))) | AJ56: =IF(B56<>"Sensor Snapshot","",--(L56="PUMPING")) | AK56: =IF(B56<>"Sensor Snapshot","",--(L56="HUMIDIFYING")) | AM56: =IF(B56<>"Sensor Snapshot","",--(OR(L56="FIRE_DETECTED",L56="BLOCKED"))) | AN56: =IF(B56<>"Sensor Snapshot","",--(N56>='02_Parameters'!$B$13)) | AO56: =IF(B56<>"Sensor Snapshot","",--(AND(L56="PUMPING",ISNUMBER(AH56),AH56<='02_Parameters'!$B$10))) | AQ56: =IF(B56="Calibration Trial",X56-AP56,"") | AR56: =IF(AND(B56="Calibration Trial",AP56<>0),AQ56/AP56*100,"") | AW56: Event standardized; original event preserved in raw-data sheet | AX56: =IF(B56<>"Sensor Snapshot","",IF(P56<>"",20,0)+IF(T56<>"",20,0)+IF(X56<>"",20,0)+IF(AB56<>"",20,0)+IF(AH56<>"",20,0)) | AY56: =IF(AX56="","",IF(AX56>=90,"A",IF(AX56>=75,"B",IF(AX56>=60,"C","D")))) | AZ56: Legacy optical-only label; corrected README requires optical AND load-cell confirmation
A57: REC-0055 | B57: System Event | C57: 138077 | D57: =IF(ISNUMBER(C57),C57/1000,"") -> 138.077 | E57: NORMAL | G57: Entry Security | H57: SECURITY | I57: PIN Entry Started | J57: password started | M57: =IF(L57="IDLE",0,IF(L57="FIRE_DETECTED",1,IF(L57="PUMPING",2,IF(L57="BLOCKED",3,IF(L57="HUMIDIFYING",4,IF(L57="STABLE",5,"")))))) | P57: =IF(AND(ISNUMBER(O57),O57<>-1,O57>='02_Parameters'!$B$18,O57<='02_Parameters'!$B$19),O57,"") | R57: =IF(B57<>"Sensor Snapshot","",IF(O57="","Missing",IF(O57=-1,"Sensor failure sentinel (-1)",IF(OR(O57<'02_Parameters'!$B$18,O57>'02_Parameters'!$B$19),"Out of accepted range","Valid")))) | T57: =IF(AND(ISNUMBER(S57),S57<>-1,S57>='02_Parameters'!$B$20,S57<='02_Parameters'!$B$21),S57,"") | V57: =IF(B57<>"Sensor Snapshot","",IF(S57="","Missing",IF(S57=-1,"Sensor failure sentinel (-1)",IF(OR(S57<'02_Parameters'!$B$20,S57>'02_Parameters'!$B$21),"Out of accepted range","Valid")))) | X57: =IF(ISNUMBER(W57),ABS(W57),"") | Y57: =IF(B57="Calibration Trial","Calibration magnitude",IF(B57<>"Sensor Snapshot","",IF(W57="","Missing",IF(W57<0,"Sign corrected to positive","Valid")))) | AB57: =IF(B57<>"Sensor Snapshot","",IF(ISNUMBER(AA57),--(AA57<>0),IF(ISNUMBER(Z57),--(Z57<'02_Parameters'!$B$15),""))) | AC57: =IF(B57<>"Sensor Snapshot","",IF(ISNUMBER(X57),--(X57>='02_Parameters'!$B$16),"")) | AD57: 0 | AE57: =IF(B57<>"Sensor Snapshot","",IF(AD57=1,1,IF(AND(AB57=1,AC57=1),1,0))) | AF57: =IF(B57<>"Sensor Snapshot","",IF(AD57=1,"Logged dual-sensor event",IF(AE57=1,"Derived: optical AND weight",IF(OR(AB57=1,AC57=1),"Partial detection only","No detection")))) | AH57: =IF(B57<>"Sensor Snapshot","",IF(ISNUMBER(AG57),IF(AG57<0,"",IF(AG57>10,AG57/'02_Parameters'!$B$17,AG57)),"")) | AI57: =IF(B57<>"Sensor Snapshot","",IF(AG57="","Missing",IF(AG57<0,"Invalid negative flow",IF(AG57>10,"Normalized from high-scale log","Valid")))) | AJ57: =IF(B57<>"Sensor Snapshot","",--(L57="PUMPING")) | AK57: =IF(B57<>"Sensor Snapshot","",--(L57="HUMIDIFYING")) | AM57: =IF(B57<>"Sensor Snapshot","",--(OR(L57="FIRE_DETECTED",L57="BLOCKED"))) | AN57: =IF(B57<>"Sensor Snapshot","",--(N57>='02_Parameters'!$B$13)) | AO57: =IF(B57<>"Sensor Snapshot","",--(AND(L57="PUMPING",ISNUMBER(AH57),AH57<='02_Parameters'!$B$10))) | AQ57: =IF(B57="Calibration Trial",X57-AP57,"") | AR57: =IF(AND(B57="Calibration Trial",AP57<>0),AQ57/AP57*100,"") | AW57: Event standardized; original event preserved in raw-data sheet | AX57: =IF(B57<>"Sensor Snapshot","",IF(P57<>"",20,0)+IF(T57<>"",20,0)+IF(X57<>"",20,0)+IF(AB57<>"",20,0)+IF(AH57<>"",20,0)) | AY57: =IF(AX57="","",IF(AX57>=90,"A",IF(AX57>=75,"B",IF(AX57>=60,"C","D")))) | AZ57: Consistent with corrected README sequence
A58: REC-0056 | B58: Sensor Snapshot | C58: 153318 | D58: =IF(ISNUMBER(C58),C58/1000,"") -> 153.318 | E58: NORMAL | F58: 10 | G58: Integrated Monitoring | H58: MULTI_SENSOR | M58: =IF(L58="IDLE",0,IF(L58="FIRE_DETECTED",1,IF(L58="PUMPING",2,IF(L58="BLOCKED",3,IF(L58="HUMIDIFYING",4,IF(L58="STABLE",5,"")))))) | P58: =IF(AND(ISNUMBER(O58),O58<>-1,O58>='02_Parameters'!$B$18,O58<='02_Parameters'!$B$19),O58,"") | Q58: 23.1 | R58: =IF(B58<>"Sensor Snapshot","",IF(O58="","Missing",IF(O58=-1,"Sensor failure sentinel (-1)",IF(OR(O58<'02_Parameters'!$B$18,O58>'02_Parameters'!$B$19),"Out of accepted range","Valid")))) -> Missing | T58: =IF(AND(ISNUMBER(S58),S58<>-1,S58>='02_Parameters'!$B$20,S58<='02_Parameters'!$B$21),S58,"") | U58: 69.4 | V58: =IF(B58<>"Sensor Snapshot","",IF(S58="","Missing",IF(S58=-1,"Sensor failure sentinel (-1)",IF(OR(S58<'02_Parameters'!$B$20,S58>'02_Parameters'!$B$21),"Out of accepted range","Valid")))) -> Missing | W58: -1.7262 | X58: =IF(ISNUMBER(W58),ABS(W58),"") -> 1.7262 | Y58: =IF(B58="Calibration Trial","Calibration magnitude",IF(B58<>"Sensor Snapshot","",IF(W58="","Missing",IF(W58<0,"Sign corrected to positive","Valid")))) -> Sign corrected to positive | Z58: 817 | AB58: =IF(B58<>"Sensor Snapshot","",IF(ISNUMBER(AA58),--(AA58<>0),IF(ISNUMBER(Z58),--(Z58<'02_Parameters'!$B$15),""))) -> 0 | AC58: =IF(B58<>"Sensor Snapshot","",IF(ISNUMBER(X58),--(X58>='02_Parameters'!$B$16),"")) -> 0 | AD58: 0 | AE58: =IF(B58<>"Sensor Snapshot","",IF(AD58=1,1,IF(AND(AB58=1,AC58=1),1,0))) -> 0 | AF58: =IF(B58<>"Sensor Snapshot","",IF(AD58=1,"Logged dual-sensor event",IF(AE58=1,"Derived: optical AND weight",IF(OR(AB58=1,AC58=1),"Partial detection only","No detection")))) -> No detection | AG58: 299.8934 | AH58: =IF(B58<>"Sensor Snapshot","",IF(ISNUMBER(AG58),IF(AG58<0,"",IF(AG58>10,AG58/'02_Parameters'!$B$17,AG58)),"")) -> 2.998934 | AI58: =IF(B58<>"Sensor Snapshot","",IF(AG58="","Missing",IF(AG58<0,"Invalid negative flow",IF(AG58>10,"Normalized from high-scale log","Valid")))) -> Normalized from high-scale log | AJ58: =IF(B58<>"Sensor Snapshot","",--(L58="PUMPING")) -> 0 | AK58: =IF(B58<>"Sensor Snapshot","",--(L58="HUMIDIFYING")) -> 0 | AM58: =IF(B58<>"Sensor Snapshot","",--(OR(L58="FIRE_DETECTED",L58="BLOCKED"))) -> 0 | AN58: =IF(B58<>"Sensor Snapshot","",--(N58>='02_Parameters'!$B$13)) -> 0 | AO58: =IF(B58<>"Sensor Snapshot","",--(AND(L58="PUMPING",ISNUMBER(AH58),AH58<='02_Parameters'!$B$10))) -> 0 | AQ58: =IF(B58="Calibration Trial",X58-AP58,"") | AR58: =IF(AND(B58="Calibration Trial",AP58<>0),AQ58/AP58*100,"") | AU58: mixed | AV58: snapshot | AW58: Load-cell sign corrected with absolute value; Temperature forward-filled for analysis only; Humidity forward-filled for analysis only; Flow divided by editable scale divisor | AX58: =IF(B58<>"Sensor Snapshot","",IF(P58<>"",20,0)+IF(T58<>"",20,0)+IF(X58<>"",20,0)+IF(AB58<>"",20,0)+IF(AH58<>"",20,0)) -> 60 | AY58: =IF(AX58="","",IF(AX58>=90,"A",IF(AX58>=75,"B",IF(AX58>=60,"C","D")))) -> C | AZ58: Corrected model: load cell treated only as entry-platform sensor | BA58: Grouped from five long-format sensor rows.
A59: REC-0057 | B59: System Event | C59: 153527 | D59: =IF(ISNUMBER(C59),C59/1000,"") -> 153.527 | E59: NORMAL | G59: Entry Security | H59: SECURITY | I59: Legacy Proximity Trigger | J59: proximity detected | M59: =IF(L59="IDLE",0,IF(L59="FIRE_DETECTED",1,IF(L59="PUMPING",2,IF(L59="BLOCKED",3,IF(L59="HUMIDIFYING",4,IF(L59="STABLE",5,"")))))) | P59: =IF(AND(ISNUMBER(O59),O59<>-1,O59>='02_Parameters'!$B$18,O59<='02_Parameters'!$B$19),O59,"") | R59: =IF(B59<>"Sensor Snapshot","",IF(O59="","Missing",IF(O59=-1,"Sensor failure sentinel (-1)",IF(OR(O59<'02_Parameters'!$B$18,O59>'02_Parameters'!$B$19),"Out of accepted range","Valid")))) | T59: =IF(AND(ISNUMBER(S59),S59<>-1,S59>='02_Parameters'!$B$20,S59<='02_Parameters'!$B$21),S59,"") | V59: =IF(B59<>"Sensor Snapshot","",IF(S59="","Missing",IF(S59=-1,"Sensor failure sentinel (-1)",IF(OR(S59<'02_Parameters'!$B$20,S59>'02_Parameters'!$B$21),"Out of accepted range","Valid")))) | X59: =IF(ISNUMBER(W59),ABS(W59),"") | Y59: =IF(B59="Calibration Trial","Calibration magnitude",IF(B59<>"Sensor Snapshot","",IF(W59="","Missing",IF(W59<0,"Sign corrected to positive","Valid")))) | AB59: =IF(B59<>"Sensor Snapshot","",IF(ISNUMBER(AA59),--(AA59<>0),IF(ISNUMBER(Z59),--(Z59<'02_Parameters'!$B$15),""))) | AC59: =IF(B59<>"Sensor Snapshot","",IF(ISNUMBER(X59),--(X59>='02_Parameters'!$B$16),"")) | AD59: 0 | AE59: =IF(B59<>"Sensor Snapshot","",IF(AD59=1,1,IF(AND(AB59=1,AC59=1),1,0))) | AF59: =IF(B59<>"Sensor Snapshot","",IF(AD59=1,"Logged dual-sensor event",IF(AE59=1,"Derived: optical AND weight",IF(OR(AB59=1,AC59=1),"Partial detection only","No detection")))) | AH59: =IF(B59<>"Sensor Snapshot","",IF(ISNUMBER(AG59),IF(AG59<0,"",IF(AG59>10,AG59/'02_Parameters'!$B$17,AG59)),"")) | AI59: =IF(B59<>"Sensor Snapshot","",IF(AG59="","Missing",IF(AG59<0,"Invalid negative flow",IF(AG59>10,"Normalized from high-scale log","Valid")))) | AJ59: =IF(B59<>"Sensor Snapshot","",--(L59="PUMPING")) | AK59: =IF(B59<>"Sensor Snapshot","",--(L59="HUMIDIFYING")) | AM59: =IF(B59<>"Sensor Snapshot","",--(OR(L59="FIRE_DETECTED",L59="BLOCKED"))) | AN59: =IF(B59<>"Sensor Snapshot","",--(N59>='02_Parameters'!$B$13)) | AO59: =IF(B59<>"Sensor Snapshot","",--(AND(L59="PUMPING",ISNUMBER(AH59),AH59<='02_Parameters'!$B$10))) | AQ59: =IF(B59="Calibration Trial",X59-AP59,"") | AR59: =IF(AND(B59="Calibration Trial",AP59<>0),AQ59/AP59*100,"") | AW59: Event standardized; original event preserved in raw-data sheet | AX59: =IF(B59<>"Sensor Snapshot","",IF(P59<>"",20,0)+IF(T59<>"",20,0)+IF(X59<>"",20,0)+IF(AB59<>"",20,0)+IF(AH59<>"",20,0)) | AY59: =IF(AX59="","",IF(AX59>=90,"A",IF(AX59>=75,"B",IF(AX59>=60,"C","D")))) | AZ59: Legacy optical-only label; corrected README requires optical AND load-cell confirmation
A60: REC-0058 | B60: Sensor Snapshot | C60: 5161 | D60: =IF(ISNUMBER(C60),C60/1000,"") -> 5.161 | E60: NORMAL | F60: 0 | G60: Integrated Monitoring | H60: MULTI_SENSOR | M60: =IF(L60="IDLE",0,IF(L60="FIRE_DETECTED",1,IF(L60="PUMPING",2,IF(L60="BLOCKED",3,IF(L60="HUMIDIFYING",4,IF(L60="STABLE",5,"")))))) | O60: 21.3 | P60: =IF(AND(ISNUMBER(O60),O60<>-1,O60>='02_Parameters'!$B$18,O60<='02_Parameters'!$B$19),O60,"") -> 21.3 | Q60: 21.3 | R60: =IF(B60<>"Sensor Snapshot","",IF(O60="","Missing",IF(O60=-1,"Sensor failure sentinel (-1)",IF(OR(O60<'02_Parameters'!$B$18,O60>'02_Parameters'!$B$19),"Out of accepted range","Valid")))) -> Valid | S60: 70.4 | T60: =IF(AND(ISNUMBER(S60),S60<>-1,S60>='02_Parameters'!$B$20,S60<='02_Parameters'!$B$21),S60,"") -> 70.4 | U60: 70.4 | V60: =IF(B60<>"Sensor Snapshot","",IF(S60="","Missing",IF(S60=-1,"Sensor failure sentinel (-1)",IF(OR(S60<'02_Parameters'!$B$20,S60>'02_Parameters'!$B$21),"Out of accepted range","Valid")))) -> Valid | W60: -0.069 | X60: =IF(ISNUMBER(W60),ABS(W60),"") -> 0.069 | Y60: =IF(B60="Calibration Trial","Calibration magnitude",IF(B60<>"Sensor Snapshot","",IF(W60="","Missing",IF(W60<0,"Sign corrected to positive","Valid")))) -> Sign corrected to positive | Z60: 865 | AB60: =IF(B60<>"Sensor Snapshot","",IF(ISNUMBER(AA60),--(AA60<>0),IF(ISNUMBER(Z60),--(Z60<'02_Parameters'!$B$15),""))) -> 0 | AC60: =IF(B60<>"Sensor Snapshot","",IF(ISNUMBER(X60),--(X60>='02_Parameters'!$B$16),"")) -> 0 | AD60: 0 | AE60: =IF(B60<>"Sensor Snapshot","",IF(AD60=1,1,IF(AND(AB60=1,AC60=1),1,0))) -> 0 | AF60: =IF(B60<>"Sensor Snapshot","",IF(AD60=1,"Logged dual-sensor event",IF(AE60=1,"Derived: optical AND weight",IF(OR(AB60=1,AC60=1),"Partial detection only","No detection")))) -> No detection | AG60: 0 | AH60: =IF(B60<>"Sensor Snapshot","",IF(ISNUMBER(AG60),IF(AG60<0,"",IF(AG60>10,AG60/'02_Parameters'!$B$17,AG60)),"")) -> 0 | AI60: =IF(B60<>"Sensor Snapshot","",IF(AG60="","Missing",IF(AG60<0,"Invalid negative flow",IF(AG60>10,"Normalized from high-scale log","Valid")))) -> Valid | AJ60: =IF(B60<>"Sensor Snapshot","",--(L60="PUMPING")) -> 0 | AK60: =IF(B60<>"Sensor Snapshot","",--(L60="HUMIDIFYING")) -> 0 | AM60: =IF(B60<>"Sensor Snapshot","",--(OR(L60="FIRE_DETECTED",L60="BLOCKED"))) -> 0 | AN60: =IF(B60<>"Sensor Snapshot","",--(N60>='02_Parameters'!$B$13)) -> 0 | AO60: =IF(B60<>"Sensor Snapshot","",--(AND(L60="PUMPING",ISNUMBER(AH60),AH60<='02_Parameters'!$B$10))) -> 0 | AQ60: =IF(B60="Calibration Trial",X60-AP60,"") | AR60: =IF(AND(B60="Calibration Trial",AP60<>0),AQ60/AP60*100,"") | AU60: mixed | AV60: snapshot | AW60: Load-cell sign corrected with absolute value | AX60: =IF(B60<>"Sensor Snapshot","",IF(P60<>"",20,0)+IF(T60<>"",20,0)+IF(X60<>"",20,0)+IF(AB60<>"",20,0)+IF(AH60<>"",20,0)) -> 100 | AY60: =IF(AX60="","",IF(AX60>=90,"A",IF(AX60>=75,"B",IF(AX60>=60,"C","D")))) -> A | AZ60: Corrected model: load cell treated only as entry-platform sensor | BA60: Grouped from five long-format sensor rows.
A61: REC-0059 | B61: System Event | C61: 5374 | D61: =IF(ISNUMBER(C61),C61/1000,"") -> 5.374 | E61: NORMAL | G61: Fire Protection | H61: FAN | I61: Fan ON | J61: fan on | M61: =IF(L61="IDLE",0,IF(L61="FIRE_DETECTED",1,IF(L61="PUMPING",2,IF(L61="BLOCKED",3,IF(L61="HUMIDIFYING",4,IF(L61="STABLE",5,"")))))) | P61: =IF(AND(ISNUMBER(O61),O61<>-1,O61>='02_Parameters'!$B$18,O61<='02_Parameters'!$B$19),O61,"") | R61: =IF(B61<>"Sensor Snapshot","",IF(O61="","Missing",IF(O61=-1,"Sensor failure sentinel (-1)",IF(OR(O61<'02_Parameters'!$B$18,O61>'02_Parameters'!$B$19),"Out of accepted range","Valid")))) | T61: =IF(AND(ISNUMBER(S61),S61<>-1,S61>='02_Parameters'!$B$20,S61<='02_Parameters'!$B$21),S61,"") | V61: =IF(B61<>"Sensor Snapshot","",IF(S61="","Missing",IF(S61=-1,"Sensor failure sentinel (-1)",IF(OR(S61<'02_Parameters'!$B$20,S61>'02_Parameters'!$B$21),"Out of accepted range","Valid")))) | X61: =IF(ISNUMBER(W61),ABS(W61),"") | Y61: =IF(B61="Calibration Trial","Calibration magnitude",IF(B61<>"Sensor Snapshot","",IF(W61="","Missing",IF(W61<0,"Sign corrected to positive","Valid")))) | AB61: =IF(B61<>"Sensor Snapshot","",IF(ISNUMBER(AA61),--(AA61<>0),IF(ISNUMBER(Z61),--(Z61<'02_Parameters'!$B$15),""))) | AC61: =IF(B61<>"Sensor Snapshot","",IF(ISNUMBER(X61),--(X61>='02_Parameters'!$B$16),"")) | AD61: 0 | AE61: =IF(B61<>"Sensor Snapshot","",IF(AD61=1,1,IF(AND(AB61=1,AC61=1),1,0))) | AF61: =IF(B61<>"Sensor Snapshot","",IF(AD61=1,"Logged dual-sensor event",IF(AE61=1,"Derived: optical AND weight",IF(OR(AB61=1,AC61=1),"Partial detection only","No detection")))) | AH61: =IF(B61<>"Sensor Snapshot","",IF(ISNUMBER(AG61),IF(AG61<0,"",IF(AG61>10,AG61/'02_Parameters'!$B$17,AG61)),"")) | AI61: =IF(B61<>"Sensor Snapshot","",IF(AG61="","Missing",IF(AG61<0,"Invalid negative flow",IF(AG61>10,"Normalized from high-scale log","Valid")))) | AJ61: =IF(B61<>"Sensor Snapshot","",--(L61="PUMPING")) | AK61: =IF(B61<>"Sensor Snapshot","",--(L61="HUMIDIFYING")) | AL61: 1 | AM61: =IF(B61<>"Sensor Snapshot","",--(OR(L61="FIRE_DETECTED",L61="BLOCKED"))) | AN61: =IF(B61<>"Sensor Snapshot","",--(N61>='02_Parameters'!$B$13)) | AO61: =IF(B61<>"Sensor Snapshot","",--(AND(L61="PUMPING",ISNUMBER(AH61),AH61<='02_Parameters'!$B$10))) | AQ61: =IF(B61="Calibration Trial",X61-AP61,"") | AR61: =IF(AND(B61="Calibration Trial",AP61<>0),AQ61/AP61*100,"") | AW61: Event standardized; original event preserved in raw-data sheet | AX61: =IF(B61<>"Sensor Snapshot","",IF(P61<>"",20,0)+IF(T61<>"",20,0)+IF(X61<>"",20,0)+IF(AB61<>"",20,0)+IF(AH61<>"",20,0)) | AY61: =IF(AX61="","",IF(AX61>=90,"A",IF(AX61>=75,"B",IF(AX61>=60,"C","D")))) | AZ61: Consistent with corrected README sequence
A62: REC-0060 | B62: System Event | C62: 8001 | D62: =IF(ISNUMBER(C62),C62/1000,"") -> 8.001 | E62: NORMAL | G62: Entry Security | H62: SECURITY | I62: Legacy Proximity Trigger | J62: proximity detected | M62: =IF(L62="IDLE",0,IF(L62="FIRE_DETECTED",1,IF(L62="PUMPING",2,IF(L62="BLOCKED",3,IF(L62="HUMIDIFYING",4,IF(L62="STABLE",5,"")))))) | P62: =IF(AND(ISNUMBER(O62),O62<>-1,O62>='02_Parameters'!$B$18,O62<='02_Parameters'!$B$19),O62,"") | R62: =IF(B62<>"Sensor Snapshot","",IF(O62="","Missing",IF(O62=-1,"Sensor failure sentinel (-1)",IF(OR(O62<'02_Parameters'!$B$18,O62>'02_Parameters'!$B$19),"Out of accepted range","Valid")))) | T62: =IF(AND(ISNUMBER(S62),S62<>-1,S62>='02_Parameters'!$B$20,S62<='02_Parameters'!$B$21),S62,"") | V62: =IF(B62<>"Sensor Snapshot","",IF(S62="","Missing",IF(S62=-1,"Sensor failure sentinel (-1)",IF(OR(S62<'02_Parameters'!$B$20,S62>'02_Parameters'!$B$21),"Out of accepted range","Valid")))) | X62: =IF(ISNUMBER(W62),ABS(W62),"") | Y62: =IF(B62="Calibration Trial","Calibration magnitude",IF(B62<>"Sensor Snapshot","",IF(W62="","Missing",IF(W62<0,"Sign corrected to positive","Valid")))) | AB62: =IF(B62<>"Sensor Snapshot","",IF(ISNUMBER(AA62),--(AA62<>0),IF(ISNUMBER(Z62),--(Z62<'02_Parameters'!$B$15),""))) | AC62: =IF(B62<>"Sensor Snapshot","",IF(ISNUMBER(X62),--(X62>='02_Parameters'!$B$16),"")) | AD62: 0 | AE62: =IF(B62<>"Sensor Snapshot","",IF(AD62=1,1,IF(AND(AB62=1,AC62=1),1,0))) | AF62: =IF(B62<>"Sensor Snapshot","",IF(AD62=1,"Logged dual-sensor event",IF(AE62=1,"Derived: optical AND weight",IF(OR(AB62=1,AC62=1),"Partial detection only","No detection")))) | AH62: =IF(B62<>"Sensor Snapshot","",IF(ISNUMBER(AG62),IF(AG62<0,"",IF(AG62>10,AG62/'02_Parameters'!$B$17,AG62)),"")) | AI62: =IF(B62<>"Sensor Snapshot","",IF(AG62="","Missing",IF(AG62<0,"Invalid negative flow",IF(AG62>10,"Normalized from high-scale log","Valid")))) | AJ62: =IF(B62<>"Sensor Snapshot","",--(L62="PUMPING")) | AK62: =IF(B62<>"Sensor Snapshot","",--(L62="HUMIDIFYING")) | AM62: =IF(B62<>"Sensor Snapshot","",--(OR(L62="FIRE_DETECTED",L62="BLOCKED"))) | AN62: =IF(B62<>"Sensor Snapshot","",--(N62>='02_Parameters'!$B$13)) | AO62: =IF(B62<>"Sensor Snapshot","",--(AND(L62="PUMPING",ISNUMBER(AH62),AH62<='02_Parameters'!$B$10))) | AQ62: =IF(B62="Calibration Trial",X62-AP62,"") | AR62: =IF(AND(B62="Calibration Trial",AP62<>0),AQ62/AP62*100,"") | AW62: Event standardized; original event preserved in raw-data sheet | AX62: =IF(B62<>"Sensor Snapshot","",IF(P62<>"",20,0)+IF(T62<>"",20,0)+IF(X62<>"",20,0)+IF(AB62<>"",20,0)+IF(AH62<>"",20,0)) | AY62: =IF(AX62="","",IF(AX62>=90,"A",IF(AX62>=75,"B",IF(AX62>=60,"C","D")))) | AZ62: Legacy optical-only label; corrected README requires optical AND load-cell confirmation
A63: REC-0061 | B63: System Event | C63: 8514 | D63: =IF(ISNUMBER(C63),C63/1000,"") -> 8.514 | E63: NORMAL | G63: Entry Security | H63: SECURITY | I63: PIN Entry Started | J63: password started | M63: =IF(L63="IDLE",0,IF(L63="FIRE_DETECTED",1,IF(L63="PUMPING",2,IF(L63="BLOCKED",3,IF(L63="HUMIDIFYING",4,IF(L63="STABLE",5,"")))))) | P63: =IF(AND(ISNUMBER(O63),O63<>-1,O63>='02_Parameters'!$B$18,O63<='02_Parameters'!$B$19),O63,"") | R63: =IF(B63<>"Sensor Snapshot","",IF(O63="","Missing",IF(O63=-1,"Sensor failure sentinel (-1)",IF(OR(O63<'02_Parameters'!$B$18,O63>'02_Parameters'!$B$19),"Out of accepted range","Valid")))) | T63: =IF(AND(ISNUMBER(S63),S63<>-1,S63>='02_Parameters'!$B$20,S63<='02_Parameters'!$B$21),S63,"") | V63: =IF(B63<>"Sensor Snapshot","",IF(S63="","Missing",IF(S63=-1,"Sensor failure sentinel (-1)",IF(OR(S63<'02_Parameters'!$B$20,S63>'02_Parameters'!$B$21),"Out of accepted range","Valid")))) | X63: =IF(ISNUMBER(W63),ABS(W63),"") | Y63: =IF(B63="Calibration Trial","Calibration magnitude",IF(B63<>"Sensor Snapshot","",IF(W63="","Missing",IF(W63<0,"Sign corrected to positive","Valid")))) | AB63: =IF(B63<>"Sensor Snapshot","",IF(ISNUMBER(AA63),--(AA63<>0),IF(ISNUMBER(Z63),--(Z63<'02_Parameters'!$B$15),""))) | AC63: =IF(B63<>"Sensor Snapshot","",IF(ISNUMBER(X63),--(X63>='02_Parameters'!$B$16),"")) | AD63: 0 | AE63: =IF(B63<>"Sensor Snapshot","",IF(AD63=1,1,IF(AND(AB63=1,AC63=1),1,0))) | AF63: =IF(B63<>"Sensor Snapshot","",IF(AD63=1,"Logged dual-sensor event",IF(AE63=1,"Derived: optical AND weight",IF(OR(AB63=1,AC63=1),"Partial detection only","No detection")))) | AH63: =IF(B63<>"Sensor Snapshot","",IF(ISNUMBER(AG63),IF(AG63<0,"",IF(AG63>10,AG63/'02_Parameters'!$B$17,AG63)),"")) | AI63: =IF(B63<>"Sensor Snapshot","",IF(AG63="","Missing",IF(AG63<0,"Invalid negative flow",IF(AG63>10,"Normalized from high-scale log","Valid")))) | AJ63: =IF(B63<>"Sensor Snapshot","",--(L63="PUMPING")) | AK63: =IF(B63<>"Sensor Snapshot","",--(L63="HUMIDIFYING")) | AM63: =IF(B63<>"Sensor Snapshot","",--(OR(L63="FIRE_DETECTED",L63="BLOCKED"))) | AN63: =IF(B63<>"Sensor Snapshot","",--(N63>='02_Parameters'!$B$13)) | AO63: =IF(B63<>"Sensor Snapshot","",--(AND(L63="PUMPING",ISNUMBER(AH63),AH63<='02_Parameters'!$B$10))) | AQ63: =IF(B63="Calibration Trial",X63-AP63,"") | AR63: =IF(AND(B63="Calibration Trial",AP63<>0),AQ63/AP63*100,"") | AW63: Event standardized; original event preserved in raw-data sheet | AX63: =IF(B63<>"Sensor Snapshot","",IF(P63<>"",20,0)+IF(T63<>"",20,0)+IF(X63<>"",20,0)+IF(AB63<>"",20,0)+IF(AH63<>"",20,0)) | AY63: =IF(AX63="","",IF(AX63>=90,"A",IF(AX63>=75,"B",IF(AX63>=60,"C","D")))) | AZ63: Consistent with corrected README sequence
A64: REC-0062 | B64: Sensor Snapshot | C64: 23689 | D64: =IF(ISNUMBER(C64),C64/1000,"") -> 23.689 | E64: NORMAL | F64: 1 | G64: Integrated Monitoring | H64: MULTI_SENSOR | M64: =IF(L64="IDLE",0,IF(L64="FIRE_DETECTED",1,IF(L64="PUMPING",2,IF(L64="BLOCKED",3,IF(L64="HUMIDIFYING",4,IF(L64="STABLE",5,"")))))) | O64: 21.4 | P64: =IF(AND(ISNUMBER(O64),O64<>-1,O64>='02_Parameters'!$B$18,O64<='02_Parameters'!$B$19),O64,"") -> 21.4 | Q64: 21.4 | R64: =IF(B64<>"Sensor Snapshot","",IF(O64="","Missing",IF(O64=-1,"Sensor failure sentinel (-1)",IF(OR(O64<'02_Parameters'!$B$18,O64>'02_Parameters'!$B$19),"Out of accepted range","Valid")))) -> Valid | S64: 70.1 | T64: =IF(AND(ISNUMBER(S64),S64<>-1,S64>='02_Parameters'!$B$20,S64<='02_Parameters'!$B$21),S64,"") -> 70.1 | U64: 70.1 | V64: =IF(B64<>"Sensor Snapshot","",IF(S64="","Missing",IF(S64=-1,"Sensor failure sentinel (-1)",IF(OR(S64<'02_Parameters'!$B$20,S64>'02_Parameters'!$B$21),"Out of accepted range","Valid")))) -> Valid | W64: -0.7286 | X64: =IF(ISNUMBER(W64),ABS(W64),"") -> 0.7286 | Y64: =IF(B64="Calibration Trial","Calibration magnitude",IF(B64<>"Sensor Snapshot","",IF(W64="","Missing",IF(W64<0,"Sign corrected to positive","Valid")))) -> Sign corrected to positive | Z64: 850 | AB64: =IF(B64<>"Sensor Snapshot","",IF(ISNUMBER(AA64),--(AA64<>0),IF(ISNUMBER(Z64),--(Z64<'02_Parameters'!$B$15),""))) -> 0 | AC64: =IF(B64<>"Sensor Snapshot","",IF(ISNUMBER(X64),--(X64>='02_Parameters'!$B$16),"")) -> 0 | AD64: 0 | AE64: =IF(B64<>"Sensor Snapshot","",IF(AD64=1,1,IF(AND(AB64=1,AC64=1),1,0))) -> 0 | AF64: =IF(B64<>"Sensor Snapshot","",IF(AD64=1,"Logged dual-sensor event",IF(AE64=1,"Derived: optical AND weight",IF(OR(AB64=1,AC64=1),"Partial detection only","No detection")))) -> No detection | AG64: 0 | AH64: =IF(B64<>"Sensor Snapshot","",IF(ISNUMBER(AG64),IF(AG64<0,"",IF(AG64>10,AG64/'02_Parameters'!$B$17,AG64)),"")) -> 0 | AI64: =IF(B64<>"Sensor Snapshot","",IF(AG64="","Missing",IF(AG64<0,"Invalid negative flow",IF(AG64>10,"Normalized from high-scale log","Valid")))) -> Valid | AJ64: =IF(B64<>"Sensor Snapshot","",--(L64="PUMPING")) -> 0 | AK64: =IF(B64<>"Sensor Snapshot","",--(L64="HUMIDIFYING")) -> 0 | AM64: =IF(B64<>"Sensor Snapshot","",--(OR(L64="FIRE_DETECTED",L64="BLOCKED"))) -> 0 | AN64: =IF(B64<>"Sensor Snapshot","",--(N64>='02_Parameters'!$B$13)) -> 0 | AO64: =IF(B64<>"Sensor Snapshot","",--(AND(L64="PUMPING",ISNUMBER(AH64),AH64<='02_Parameters'!$B$10))) -> 0 | AQ64: =IF(B64="Calibration Trial",X64-AP64,"") | AR64: =IF(AND(B64="Calibration Trial",AP64<>0),AQ64/AP64*100,"") | AU64: mixed | AV64: snapshot | AW64: Load-cell sign corrected with absolute value | AX64: =IF(B64<>"Sensor Snapshot","",IF(P64<>"",20,0)+IF(T64<>"",20,0)+IF(X64<>"",20,0)+IF(AB64<>"",20,0)+IF(AH64<>"",20,0)) -> 100 | AY64: =IF(AX64="","",IF(AX64>=90,"A",IF(AX64>=75,"B",IF(AX64>=60,"C","D")))) -> A | AZ64: Corrected model: load cell treated only as entry-platform sensor | BA64: Grouped from five long-format sensor rows.
A65: REC-0063 | B65: System Event | C65: 23907 | D65: =IF(ISNUMBER(C65),C65/1000,"") -> 23.907 | E65: NORMAL | G65: Entry Security | H65: SECURITY | I65: Legacy Proximity Trigger | J65: proximity detected | M65: =IF(L65="IDLE",0,IF(L65="FIRE_DETECTED",1,IF(L65="PUMPING",2,IF(L65="BLOCKED",3,IF(L65="HUMIDIFYING",4,IF(L65="STABLE",5,"")))))) | P65: =IF(AND(ISNUMBER(O65),O65<>-1,O65>='02_Parameters'!$B$18,O65<='02_Parameters'!$B$19),O65,"") | R65: =IF(B65<>"Sensor Snapshot","",IF(O65="","Missing",IF(O65=-1,"Sensor failure sentinel (-1)",IF(OR(O65<'02_Parameters'!$B$18,O65>'02_Parameters'!$B$19),"Out of accepted range","Valid")))) | T65: =IF(AND(ISNUMBER(S65),S65<>-1,S65>='02_Parameters'!$B$20,S65<='02_Parameters'!$B$21),S65,"") | V65: =IF(B65<>"Sensor Snapshot","",IF(S65="","Missing",IF(S65=-1,"Sensor failure sentinel (-1)",IF(OR(S65<'02_Parameters'!$B$20,S65>'02_Parameters'!$B$21),"Out of accepted range","Valid")))) | X65: =IF(ISNUMBER(W65),ABS(W65),"") | Y65: =IF(B65="Calibration Trial","Calibration magnitude",IF(B65<>"Sensor Snapshot","",IF(W65="","Missing",IF(W65<0,"Sign corrected to positive","Valid")))) | AB65: =IF(B65<>"Sensor Snapshot","",IF(ISNUMBER(AA65),--(AA65<>0),IF(ISNUMBER(Z65),--(Z65<'02_Parameters'!$B$15),""))) | AC65: =IF(B65<>"Sensor Snapshot","",IF(ISNUMBER(X65),--(X65>='02_Parameters'!$B$16),"")) | AD65: 0 | AE65: =IF(B65<>"Sensor Snapshot","",IF(AD65=1,1,IF(AND(AB65=1,AC65=1),1,0))) | AF65: =IF(B65<>"Sensor Snapshot","",IF(AD65=1,"Logged dual-sensor event",IF(AE65=1,"Derived: optical AND weight",IF(OR(AB65=1,AC65=1),"Partial detection only","No detection")))) | AH65: =IF(B65<>"Sensor Snapshot","",IF(ISNUMBER(AG65),IF(AG65<0,"",IF(AG65>10,AG65/'02_Parameters'!$B$17,AG65)),"")) | AI65: =IF(B65<>"Sensor Snapshot","",IF(AG65="","Missing",IF(AG65<0,"Invalid negative flow",IF(AG65>10,"Normalized from high-scale log","Valid")))) | AJ65: =IF(B65<>"Sensor Snapshot","",--(L65="PUMPING")) | AK65: =IF(B65<>"Sensor Snapshot","",--(L65="HUMIDIFYING")) | AM65: =IF(B65<>"Sensor Snapshot","",--(OR(L65="FIRE_DETECTED",L65="BLOCKED"))) | AN65: =IF(B65<>"Sensor Snapshot","",--(N65>='02_Parameters'!$B$13)) | AO65: =IF(B65<>"Sensor Snapshot","",--(AND(L65="PUMPING",ISNUMBER(AH65),AH65<='02_Parameters'!$B$10))) | AQ65: =IF(B65="Calibration Trial",X65-AP65,"") | AR65: =IF(AND(B65="Calibration Trial",AP65<>0),AQ65/AP65*100,"") | AW65: Event standardized; original event preserved in raw-data sheet | AX65: =IF(B65<>"Sensor Snapshot","",IF(P65<>"",20,0)+IF(T65<>"",20,0)+IF(X65<>"",20,0)+IF(AB65<>"",20,0)+IF(AH65<>"",20,0)) | AY65: =IF(AX65="","",IF(AX65>=90,"A",IF(AX65>=75,"B",IF(AX65>=60,"C","D")))) | AZ65: Legacy optical-only label; corrected README requires optical AND load-cell confirmation
A66: REC-0064 | B66: System Event | C66: 23976 | D66: =IF(ISNUMBER(C66),C66/1000,"") -> 23.976 | E66: NORMAL | G66: Entry Security | H66: SECURITY | I66: PIN Entry Started | J66: password started | M66: =IF(L66="IDLE",0,IF(L66="FIRE_DETECTED",1,IF(L66="PUMPING",2,IF(L66="BLOCKED",3,IF(L66="HUMIDIFYING",4,IF(L66="STABLE",5,"")))))) | P66: =IF(AND(ISNUMBER(O66),O66<>-1,O66>='02_Parameters'!$B$18,O66<='02_Parameters'!$B$19),O66,"") | R66: =IF(B66<>"Sensor Snapshot","",IF(O66="","Missing",IF(O66=-1,"Sensor failure sentinel (-1)",IF(OR(O66<'02_Parameters'!$B$18,O66>'02_Parameters'!$B$19),"Out of accepted range","Valid")))) | T66: =IF(AND(ISNUMBER(S66),S66<>-1,S66>='02_Parameters'!$B$20,S66<='02_Parameters'!$B$21),S66,"") | V66: =IF(B66<>"Sensor Snapshot","",IF(S66="","Missing",IF(S66=-1,"Sensor failure sentinel (-1)",IF(OR(S66<'02_Parameters'!$B$20,S66>'02_Parameters'!$B$21),"Out of accepted range","Valid")))) | X66: =IF(ISNUMBER(W66),ABS(W66),"") | Y66: =IF(B66="Calibration Trial","Calibration magnitude",IF(B66<>"Sensor Snapshot","",IF(W66="","Missing",IF(W66<0,"Sign corrected to positive","Valid")))) | AB66: =IF(B66<>"Sensor Snapshot","",IF(ISNUMBER(AA66),--(AA66<>0),IF(ISNUMBER(Z66),--(Z66<'02_Parameters'!$B$15),""))) | AC66: =IF(B66<>"Sensor Snapshot","",IF(ISNUMBER(X66),--(X66>='02_Parameters'!$B$16),"")) | AD66: 0 | AE66: =IF(B66<>"Sensor Snapshot","",IF(AD66=1,1,IF(AND(AB66=1,AC66=1),1,0))) | AF66: =IF(B66<>"Sensor Snapshot","",IF(AD66=1,"Logged dual-sensor event",IF(AE66=1,"Derived: optical AND weight",IF(OR(AB66=1,AC66=1),"Partial detection only","No detection")))) | AH66: =IF(B66<>"Sensor Snapshot","",IF(ISNUMBER(AG66),IF(AG66<0,"",IF(AG66>10,AG66/'02_Parameters'!$B$17,AG66)),"")) | AI66: =IF(B66<>"Sensor Snapshot","",IF(AG66="","Missing",IF(AG66<0,"Invalid negative flow",IF(AG66>10,"Normalized from high-scale log","Valid")))) | AJ66: =IF(B66<>"Sensor Snapshot","",--(L66="PUMPING")) | AK66: =IF(B66<>"Sensor Snapshot","",--(L66="HUMIDIFYING")) | AM66: =IF(B66<>"Sensor Snapshot","",--(OR(L66="FIRE_DETECTED",L66="BLOCKED"))) | AN66: =IF(B66<>"Sensor Snapshot","",--(N66>='02_Parameters'!$B$13)) | AO66: =IF(B66<>"Sensor Snapshot","",--(AND(L66="PUMPING",ISNUMBER(AH66),AH66<='02_Parameters'!$B$10))) | AQ66: =IF(B66="Calibration Trial",X66-AP66,"") | AR66: =IF(AND(B66="Calibration Trial",AP66<>0),AQ66/AP66*100,"") | AW66: Event standardized; original event preserved in raw-data sheet | AX66: =IF(B66<>"Sensor Snapshot","",IF(P66<>"",20,0)+IF(T66<>"",20,0)+IF(X66<>"",20,0)+IF(AB66<>"",20,0)+IF(AH66<>"",20,0)) | AY66: =IF(AX66="","",IF(AX66>=90,"A",IF(AX66>=75,"B",IF(AX66>=60,"C","D")))) | AZ66: Consistent with corrected README sequence
A67: REC-0065 | B67: Sensor Snapshot | C67: 39140 | D67: =IF(ISNUMBER(C67),C67/1000,"") -> 39.14 | E67: NORMAL | F67: 2 | G67: Integrated Monitoring | H67: MULTI_SENSOR | M67: =IF(L67="IDLE",0,IF(L67="FIRE_DETECTED",1,IF(L67="PUMPING",2,IF(L67="BLOCKED",3,IF(L67="HUMIDIFYING",4,IF(L67="STABLE",5,"")))))) | O67: 21.7 | P67: =IF(AND(ISNUMBER(O67),O67<>-1,O67>='02_Parameters'!$B$18,O67<='02_Parameters'!$B$19),O67,"") -> 21.7 | Q67: 21.7 | R67: =IF(B67<>"Sensor Snapshot","",IF(O67="","Missing",IF(O67=-1,"Sensor failure sentinel (-1)",IF(OR(O67<'02_Parameters'!$B$18,O67>'02_Parameters'!$B$19),"Out of accepted range","Valid")))) -> Valid | S67: 76.9 | T67: =IF(AND(ISNUMBER(S67),S67<>-1,S67>='02_Parameters'!$B$20,S67<='02_Parameters'!$B$21),S67,"") -> 76.9 | U67: 76.9 | V67: =IF(B67<>"Sensor Snapshot","",IF(S67="","Missing",IF(S67=-1,"Sensor failure sentinel (-1)",IF(OR(S67<'02_Parameters'!$B$20,S67>'02_Parameters'!$B$21),"Out of accepted range","Valid")))) -> Valid | W67: -0.6595 | X67: =IF(ISNUMBER(W67),ABS(W67),"") -> 0.6595 | Y67: =IF(B67="Calibration Trial","Calibration magnitude",IF(B67<>"Sensor Snapshot","",IF(W67="","Missing",IF(W67<0,"Sign corrected to positive","Valid")))) -> Sign corrected to positive | Z67: 849 | AB67: =IF(B67<>"Sensor Snapshot","",IF(ISNUMBER(AA67),--(AA67<>0),IF(ISNUMBER(Z67),--(Z67<'02_Parameters'!$B$15),""))) -> 0 | AC67: =IF(B67<>"Sensor Snapshot","",IF(ISNUMBER(X67),--(X67>='02_Parameters'!$B$16),"")) -> 0 | AD67: 0 | AE67: =IF(B67<>"Sensor Snapshot","",IF(AD67=1,1,IF(AND(AB67=1,AC67=1),1,0))) -> 0 | AF67: =IF(B67<>"Sensor Snapshot","",IF(AD67=1,"Logged dual-sensor event",IF(AE67=1,"Derived: optical AND weight",IF(OR(AB67=1,AC67=1),"Partial detection only","No detection")))) -> No detection | AG67: 0 | AH67: =IF(B67<>"Sensor Snapshot","",IF(ISNUMBER(AG67),IF(AG67<0,"",IF(AG67>10,AG67/'02_Parameters'!$B$17,AG67)),"")) -> 0 | AI67: =IF(B67<>"Sensor Snapshot","",IF(AG67="","Missing",IF(AG67<0,"Invalid negative flow",IF(AG67>10,"Normalized from high-scale log","Valid")))) -> Valid | AJ67: =IF(B67<>"Sensor Snapshot","",--(L67="PUMPING")) -> 0 | AK67: =IF(B67<>"Sensor Snapshot","",--(L67="HUMIDIFYING")) -> 0 | AM67: =IF(B67<>"Sensor Snapshot","",--(OR(L67="FIRE_DETECTED",L67="BLOCKED"))) -> 0 | AN67: =IF(B67<>"Sensor Snapshot","",--(N67>='02_Parameters'!$B$13)) -> 0 | AO67: =IF(B67<>"Sensor Snapshot","",--(AND(L67="PUMPING",ISNUMBER(AH67),AH67<='02_Parameters'!$B$10))) -> 0 | AQ67: =IF(B67="Calibration Trial",X67-AP67,"") | AR67: =IF(AND(B67="Calibration Trial",AP67<>0),AQ67/AP67*100,"") | AU67: mixed | AV67: snapshot | AW67: Load-cell sign corrected with absolute value | AX67: =IF(B67<>"Sensor Snapshot","",IF(P67<>"",20,0)+IF(T67<>"",20,0)+IF(X67<>"",20,0)+IF(AB67<>"",20,0)+IF(AH67<>"",20,0)) -> 100 | AY67: =IF(AX67="","",IF(AX67>=90,"A",IF(AX67>=75,"B",IF(AX67>=60,"C","D")))) -> A | AZ67: Corrected model: load cell treated only as entry-platform sensor | BA67: Grouped from five long-format sensor rows.
A68: REC-0066 | B68: System Event | C68: 39358 | D68: =IF(ISNUMBER(C68),C68/1000,"") -> 39.358 | E68: NORMAL | G68: Entry Security | H68: SECURITY | I68: Legacy Proximity Trigger | J68: proximity detected | M68: =IF(L68="IDLE",0,IF(L68="FIRE_DETECTED",1,IF(L68="PUMPING",2,IF(L68="BLOCKED",3,IF(L68="HUMIDIFYING",4,IF(L68="STABLE",5,"")))))) | P68: =IF(AND(ISNUMBER(O68),O68<>-1,O68>='02_Parameters'!$B$18,O68<='02_Parameters'!$B$19),O68,"") | R68: =IF(B68<>"Sensor Snapshot","",IF(O68="","Missing",IF(O68=-1,"Sensor failure sentinel (-1)",IF(OR(O68<'02_Parameters'!$B$18,O68>'02_Parameters'!$B$19),"Out of accepted range","Valid")))) | T68: =IF(AND(ISNUMBER(S68),S68<>-1,S68>='02_Parameters'!$B$20,S68<='02_Parameters'!$B$21),S68,"") | V68: =IF(B68<>"Sensor Snapshot","",IF(S68="","Missing",IF(S68=-1,"Sensor failure sentinel (-1)",IF(OR(S68<'02_Parameters'!$B$20,S68>'02_Parameters'!$B$21),"Out of accepted range","Valid")))) | X68: =IF(ISNUMBER(W68),ABS(W68),"") | Y68: =IF(B68="Calibration Trial","Calibration magnitude",IF(B68<>"Sensor Snapshot","",IF(W68="","Missing",IF(W68<0,"Sign corrected to positive","Valid")))) | AB68: =IF(B68<>"Sensor Snapshot","",IF(ISNUMBER(AA68),--(AA68<>0),IF(ISNUMBER(Z68),--(Z68<'02_Parameters'!$B$15),""))) | AC68: =IF(B68<>"Sensor Snapshot","",IF(ISNUMBER(X68),--(X68>='02_Parameters'!$B$16),"")) | AD68: 0 | AE68: =IF(B68<>"Sensor Snapshot","",IF(AD68=1,1,IF(AND(AB68=1,AC68=1),1,0))) | AF68: =IF(B68<>"Sensor Snapshot","",IF(AD68=1,"Logged dual-sensor event",IF(AE68=1,"Derived: optical AND weight",IF(OR(AB68=1,AC68=1),"Partial detection only","No detection")))) | AH68: =IF(B68<>"Sensor Snapshot","",IF(ISNUMBER(AG68),IF(AG68<0,"",IF(AG68>10,AG68/'02_Parameters'!$B$17,AG68)),"")) | AI68: =IF(B68<>"Sensor Snapshot","",IF(AG68="","Missing",IF(AG68<0,"Invalid negative flow",IF(AG68>10,"Normalized from high-scale log","Valid")))) | AJ68: =IF(B68<>"Sensor Snapshot","",--(L68="PUMPING")) | AK68: =IF(B68<>"Sensor Snapshot","",--(L68="HUMIDIFYING")) | AM68: =IF(B68<>"Sensor Snapshot","",--(OR(L68="FIRE_DETECTED",L68="BLOCKED"))) | AN68: =IF(B68<>"Sensor Snapshot","",--(N68>='02_Parameters'!$B$13)) | AO68: =IF(B68<>"Sensor Snapshot","",--(AND(L68="PUMPING",ISNUMBER(AH68),AH68<='02_Parameters'!$B$10))) | AQ68: =IF(B68="Calibration Trial",X68-AP68,"") | AR68: =IF(AND(B68="Calibration Trial",AP68<>0),AQ68/AP68*100,"") | AW68: Event standardized; original event preserved in raw-data sheet | AX68: =IF(B68<>"Sensor Snapshot","",IF(P68<>"",20,0)+IF(T68<>"",20,0)+IF(X68<>"",20,0)+IF(AB68<>"",20,0)+IF(AH68<>"",20,0)) | AY68: =IF(AX68="","",IF(AX68>=90,"A",IF(AX68>=75,"B",IF(AX68>=60,"C","D")))) | AZ68: Legacy optical-only label; corrected README requires optical AND load-cell confirmation
A69: REC-0067 | B69: System Event | C69: 39429 | D69: =IF(ISNUMBER(C69),C69/1000,"") -> 39.429 | E69: NORMAL | G69: Entry Security | H69: SECURITY | I69: PIN Entry Started | J69: password started | M69: =IF(L69="IDLE",0,IF(L69="FIRE_DETECTED",1,IF(L69="PUMPING",2,IF(L69="BLOCKED",3,IF(L69="HUMIDIFYING",4,IF(L69="STABLE",5,"")))))) | P69: =IF(AND(ISNUMBER(O69),O69<>-1,O69>='02_Parameters'!$B$18,O69<='02_Parameters'!$B$19),O69,"") | R69: =IF(B69<>"Sensor Snapshot","",IF(O69="","Missing",IF(O69=-1,"Sensor failure sentinel (-1)",IF(OR(O69<'02_Parameters'!$B$18,O69>'02_Parameters'!$B$19),"Out of accepted range","Valid")))) | T69: =IF(AND(ISNUMBER(S69),S69<>-1,S69>='02_Parameters'!$B$20,S69<='02_Parameters'!$B$21),S69,"") | V69: =IF(B69<>"Sensor Snapshot","",IF(S69="","Missing",IF(S69=-1,"Sensor failure sentinel (-1)",IF(OR(S69<'02_Parameters'!$B$20,S69>'02_Parameters'!$B$21),"Out of accepted range","Valid")))) | X69: =IF(ISNUMBER(W69),ABS(W69),"") | Y69: =IF(B69="Calibration Trial","Calibration magnitude",IF(B69<>"Sensor Snapshot","",IF(W69="","Missing",IF(W69<0,"Sign corrected to positive","Valid")))) | AB69: =IF(B69<>"Sensor Snapshot","",IF(ISNUMBER(AA69),--(AA69<>0),IF(ISNUMBER(Z69),--(Z69<'02_Parameters'!$B$15),""))) | AC69: =IF(B69<>"Sensor Snapshot","",IF(ISNUMBER(X69),--(X69>='02_Parameters'!$B$16),"")) | AD69: 0 | AE69: =IF(B69<>"Sensor Snapshot","",IF(AD69=1,1,IF(AND(AB69=1,AC69=1),1,0))) | AF69: =IF(B69<>"Sensor Snapshot","",IF(AD69=1,"Logged dual-sensor event",IF(AE69=1,"Derived: optical AND weight",IF(OR(AB69=1,AC69=1),"Partial detection only","No detection")))) | AH69: =IF(B69<>"Sensor Snapshot","",IF(ISNUMBER(AG69),IF(AG69<0,"",IF(AG69>10,AG69/'02_Parameters'!$B$17,AG69)),"")) | AI69: =IF(B69<>"Sensor Snapshot","",IF(AG69="","Missing",IF(AG69<0,"Invalid negative flow",IF(AG69>10,"Normalized from high-scale log","Valid")))) | AJ69: =IF(B69<>"Sensor Snapshot","",--(L69="PUMPING")) | AK69: =IF(B69<>"Sensor Snapshot","",--(L69="HUMIDIFYING")) | AM69: =IF(B69<>"Sensor Snapshot","",--(OR(L69="FIRE_DETECTED",L69="BLOCKED"))) | AN69: =IF(B69<>"Sensor Snapshot","",--(N69>='02_Parameters'!$B$13)) | AO69: =IF(B69<>"Sensor Snapshot","",--(AND(L69="PUMPING",ISNUMBER(AH69),AH69<='02_Parameters'!$B$10))) | AQ69: =IF(B69="Calibration Trial",X69-AP69,"") | AR69: =IF(AND(B69="Calibration Trial",AP69<>0),AQ69/AP69*100,"") | AW69: Event standardized; original event preserved in raw-data sheet | AX69: =IF(B69<>"Sensor Snapshot","",IF(P69<>"",20,0)+IF(T69<>"",20,0)+IF(X69<>"",20,0)+IF(AB69<>"",20,0)+IF(AH69<>"",20,0)) | AY69: =IF(AX69="","",IF(AX69>=90,"A",IF(AX69>=75,"B",IF(AX69>=60,"C","D")))) | AZ69: Consistent with corrected README sequence
A70: REC-0068 | B70: Sensor Snapshot | C70: 54594 | D70: =IF(ISNUMBER(C70),C70/1000,"") -> 54.594 | E70: NORMAL | F70: 3 | G70: Integrated Monitoring | H70: MULTI_SENSOR | M70: =IF(L70="IDLE",0,IF(L70="FIRE_DETECTED",1,IF(L70="PUMPING",2,IF(L70="BLOCKED",3,IF(L70="HUMIDIFYING",4,IF(L70="STABLE",5,"")))))) | O70: 21.8 | P70: =IF(AND(ISNUMBER(O70),O70<>-1,O70>='02_Parameters'!$B$18,O70<='02_Parameters'!$B$19),O70,"") -> 21.8 | Q70: 21.8 | R70: =IF(B70<>"Sensor Snapshot","",IF(O70="","Missing",IF(O70=-1,"Sensor failure sentinel (-1)",IF(OR(O70<'02_Parameters'!$B$18,O70>'02_Parameters'!$B$19),"Out of accepted range","Valid")))) -> Valid | S70: 74.2 | T70: =IF(AND(ISNUMBER(S70),S70<>-1,S70>='02_Parameters'!$B$20,S70<='02_Parameters'!$B$21),S70,"") -> 74.2 | U70: 74.2 | V70: =IF(B70<>"Sensor Snapshot","",IF(S70="","Missing",IF(S70=-1,"Sensor failure sentinel (-1)",IF(OR(S70<'02_Parameters'!$B$20,S70>'02_Parameters'!$B$21),"Out of accepted range","Valid")))) -> Valid | W70: -0.7476 | X70: =IF(ISNUMBER(W70),ABS(W70),"") -> 0.7476 | Y70: =IF(B70="Calibration Trial","Calibration magnitude",IF(B70<>"Sensor Snapshot","",IF(W70="","Missing",IF(W70<0,"Sign corrected to positive","Valid")))) -> Sign corrected to positive | Z70: 848 | AB70: =IF(B70<>"Sensor Snapshot","",IF(ISNUMBER(AA70),--(AA70<>0),IF(ISNUMBER(Z70),--(Z70<'02_Parameters'!$B$15),""))) -> 0 | AC70: =IF(B70<>"Sensor Snapshot","",IF(ISNUMBER(X70),--(X70>='02_Parameters'!$B$16),"")) -> 0 | AD70: 0 | AE70: =IF(B70<>"Sensor Snapshot","",IF(AD70=1,1,IF(AND(AB70=1,AC70=1),1,0))) -> 0 | AF70: =IF(B70<>"Sensor Snapshot","",IF(AD70=1,"Logged dual-sensor event",IF(AE70=1,"Derived: optical AND weight",IF(OR(AB70=1,AC70=1),"Partial detection only","No detection")))) -> No detection | AG70: 0 | AH70: =IF(B70<>"Sensor Snapshot","",IF(ISNUMBER(AG70),IF(AG70<0,"",IF(AG70>10,AG70/'02_Parameters'!$B$17,AG70)),"")) -> 0 | AI70: =IF(B70<>"Sensor Snapshot","",IF(AG70="","Missing",IF(AG70<0,"Invalid negative flow",IF(AG70>10,"Normalized from high-scale log","Valid")))) -> Valid | AJ70: =IF(B70<>"Sensor Snapshot","",--(L70="PUMPING")) -> 0 | AK70: =IF(B70<>"Sensor Snapshot","",--(L70="HUMIDIFYING")) -> 0 | AM70: =IF(B70<>"Sensor Snapshot","",--(OR(L70="FIRE_DETECTED",L70="BLOCKED"))) -> 0 | AN70: =IF(B70<>"Sensor Snapshot","",--(N70>='02_Parameters'!$B$13)) -> 0 | AO70: =IF(B70<>"Sensor Snapshot","",--(AND(L70="PUMPING",ISNUMBER(AH70),AH70<='02_Parameters'!$B$10))) -> 0 | AQ70: =IF(B70="Calibration Trial",X70-AP70,"") | AR70: =IF(AND(B70="Calibration Trial",AP70<>0),AQ70/AP70*100,"") | AU70: mixed | AV70: snapshot | AW70: Load-cell sign corrected with absolute value | AX70: =IF(B70<>"Sensor Snapshot","",IF(P70<>"",20,0)+IF(T70<>"",20,0)+IF(X70<>"",20,0)+IF(AB70<>"",20,0)+IF(AH70<>"",20,0)) -> 100 | AY70: =IF(AX70="","",IF(AX70>=90,"A",IF(AX70>=75,"B",IF(AX70>=60,"C","D")))) -> A | AZ70: Corrected model: load cell treated only as entry-platform sensor | BA70: Grouped from five long-format sensor rows.
A71: REC-0069 | B71: System Event | C71: 54812 | D71: =IF(ISNUMBER(C71),C71/1000,"") -> 54.812 | E71: NORMAL | G71: Entry Security | H71: SECURITY | I71: Legacy Proximity Trigger | J71: proximity detected | M71: =IF(L71="IDLE",0,IF(L71="FIRE_DETECTED",1,IF(L71="PUMPING",2,IF(L71="BLOCKED",3,IF(L71="HUMIDIFYING",4,IF(L71="STABLE",5,"")))))) | P71: =IF(AND(ISNUMBER(O71),O71<>-1,O71>='02_Parameters'!$B$18,O71<='02_Parameters'!$B$19),O71,"") | R71: =IF(B71<>"Sensor Snapshot","",IF(O71="","Missing",IF(O71=-1,"Sensor failure sentinel (-1)",IF(OR(O71<'02_Parameters'!$B$18,O71>'02_Parameters'!$B$19),"Out of accepted range","Valid")))) | T71: =IF(AND(ISNUMBER(S71),S71<>-1,S71>='02_Parameters'!$B$20,S71<='02_Parameters'!$B$21),S71,"") | V71: =IF(B71<>"Sensor Snapshot","",IF(S71="","Missing",IF(S71=-1,"Sensor failure sentinel (-1)",IF(OR(S71<'02_Parameters'!$B$20,S71>'02_Parameters'!$B$21),"Out of accepted range","Valid")))) | X71: =IF(ISNUMBER(W71),ABS(W71),"") | Y71: =IF(B71="Calibration Trial","Calibration magnitude",IF(B71<>"Sensor Snapshot","",IF(W71="","Missing",IF(W71<0,"Sign corrected to positive","Valid")))) | AB71: =IF(B71<>"Sensor Snapshot","",IF(ISNUMBER(AA71),--(AA71<>0),IF(ISNUMBER(Z71),--(Z71<'02_Parameters'!$B$15),""))) | AC71: =IF(B71<>"Sensor Snapshot","",IF(ISNUMBER(X71),--(X71>='02_Parameters'!$B$16),"")) | AD71: 0 | AE71: =IF(B71<>"Sensor Snapshot","",IF(AD71=1,1,IF(AND(AB71=1,AC71=1),1,0))) | AF71: =IF(B71<>"Sensor Snapshot","",IF(AD71=1,"Logged dual-sensor event",IF(AE71=1,"Derived: optical AND weight",IF(OR(AB71=1,AC71=1),"Partial detection only","No detection")))) | AH71: =IF(B71<>"Sensor Snapshot","",IF(ISNUMBER(AG71),IF(AG71<0,"",IF(AG71>10,AG71/'02_Parameters'!$B$17,AG71)),"")) | AI71: =IF(B71<>"Sensor Snapshot","",IF(AG71="","Missing",IF(AG71<0,"Invalid negative flow",IF(AG71>10,"Normalized from high-scale log","Valid")))) | AJ71: =IF(B71<>"Sensor Snapshot","",--(L71="PUMPING")) | AK71: =IF(B71<>"Sensor Snapshot","",--(L71="HUMIDIFYING")) | AM71: =IF(B71<>"Sensor Snapshot","",--(OR(L71="FIRE_DETECTED",L71="BLOCKED"))) | AN71: =IF(B71<>"Sensor Snapshot","",--(N71>='02_Parameters'!$B$13)) | AO71: =IF(B71<>"Sensor Snapshot","",--(AND(L71="PUMPING",ISNUMBER(AH71),AH71<='02_Parameters'!$B$10))) | AQ71: =IF(B71="Calibration Trial",X71-AP71,"") | AR71: =IF(AND(B71="Calibration Trial",AP71<>0),AQ71/AP71*100,"") | AW71: Event standardized; original event preserved in raw-data sheet | AX71: =IF(B71<>"Sensor Snapshot","",IF(P71<>"",20,0)+IF(T71<>"",20,0)+IF(X71<>"",20,0)+IF(AB71<>"",20,0)+IF(AH71<>"",20,0)) | AY71: =IF(AX71="","",IF(AX71>=90,"A",IF(AX71>=75,"B",IF(AX71>=60,"C","D")))) | AZ71: Legacy optical-only label; corrected README requires optical AND load-cell confirmation
